mean,std,min,max,skew,kurtosis,glcm_contrast,glcm_dissimilarity,glcm_homogeneity,glcm_energy,glcm_correlation,label,pid,file_id
1.74278260811534,0.5102677149223742,-0.4577536547072068,3.4524903663579694,-0.59006606664218,0.9265946090567363,0.39234497309197647,0.03051614481409001,0.9930201950106432,0.9822444713205136,0.9859521698267874,1,49,1
2.8624235445774113,0.7527514447983313,0.8882434865104986,4.028713285584105,-0.582789717171781,-0.8768729291977451,0.2552975171232877,0.021931568003913895,0.9947869495248417,0.9855501462239167,0.9915163820472002,1,49,10
1.7030529068735987,0.45795827169476,0.221143632296981,2.6165942376128104,-0.8406936491121633,0.45980088557098275,0.3619434931506849,0.023208170254403127,0.9959667862851789,0.9903192460567023,0.9736587216677973,1,49,100
1.7194616108982368,0.46239552771080467,0.09479533052863011,2.843093912799166,-0.6564396841237863,0.695055796817321,0.36394630626223085,0.025868395303326804,0.994651032503449,0.9871701874348465,0.9827689740208078,1,49,101
1.6918494702023679,0.41639260331023,0.12620000472499496,3.342480619561793,-0.15287550102939093,1.130903074609824,0.4019921110567516,0.02922425391389433,0.9939380357733213,0.981443404596765,0.9843340394331823,1,49,102
2.000261260885982,0.5589812653601346,0.4521348127511163,3.157629184457377,-0.3143129613527274,-0.07204688924252522,0.1828293175146771,0.016916890900195693,0.9959018199160757,0.9885995773346556,0.9886443241163277,1,49,103
1.6201103318338055,0.46462829042518144,-0.16880305902525947,2.5662498721245908,-0.6074147151073629,0.1966109347517997,0.24900623776908024,0.025669642857142856,0.9940020223916366,0.9862644575467703,0.9848524961895382,1,49,104
1.8020959773238714,0.6308814992740941,-0.10773437161753527,3.5107715650489197,0.02636973658736321,0.002458731964550598,0.3017062133072407,0.035194471624266144,0.9908665064979514,0.9801075461354303,0.9883824951895809,1,49,105
1.5909314166216388,0.60034065632886,-0.30514991416432,3.184491248081578,-0.2757764295734596,-0.40041685921283543,0.33135854941291587,0.04991744129158513,0.98611747960716,0.9720287158228272,0.9897801833331168,1,49,106
1.670227776975767,0.5856638198154346,-0.13485905492051212,3.4448929081777067,-0.4014233201334811,-0.029388220275577304,0.47119618395303325,0.05824975538160469,0.9843300292195334,0.968146411909497,0.9905297045278452,1,49,107
1.7281923876146372,0.6230218081201452,-0.004575163001179344,3.185243548009678,-0.46497244445921576,-0.2937987312521826,0.34000428082191775,0.05069716242661446,0.9854125156244562,0.9676388774305608,0.9920364879401476,1,49,108
1.9104649585888847,0.5441532769807468,0.17435402574765016,3.001425998749228,-0.7926954934325231,0.02865081508181655,0.5326183341487281,0.04968811154598827,0.9879717388110365,0.9757434813614114,0.9884147400476818,1,49,109
3.0398139363381884,0.5480314991324919,0.3295141349857249,3.8716786541339636,-2.0311107453131707,4.108347725668021,0.3108870474559687,0.028727372798434438,0.9929880391828857,0.9762825251353275,0.9930803883568874,1,49,11
2.0958569652249976,0.4551574383369154,0.7127024526064845,3.171247774578541,-0.44689382136710165,-0.2769655844117396,0.558693126223092,0.03493456457925636,0.9934075335754563,0.9879913146744791,0.9810040552993559,1,49,110
1.4440842798717497,0.6592697592944116,-0.18083863993559188,3.237756035774959,0.5178392173675485,-0.30859738266082015,0.11811246330724068,0.007491438356164384,0.9987428436212542,0.9976073525080073,0.9652369806990561,1,49,111
1.7428773192250808,0.7078548619371718,-0.6622024381869924,2.9530935734646837,-1.0505274284407546,0.7359552199218982,0.3369083292563601,0.024920499021526415,0.9946071919875166,0.9869025310721511,0.9822133063188146,1,49,112
2.2219705902660882,0.5172356227792286,0.37345105794657446,2.966047093913597,-1.1084151565404512,0.7426182945288242,0.1639937010763209,0.01319410469667319,0.9973195874301795,0.9938619432389749,0.9864662233993918,1,49,113
2.351020499392429,0.6340426437415246,-0.19948337111809414,3.6820962084649707,-1.5012167930632432,2.7844581433849545,0.22851944716242656,0.01619832436399217,0.9968560154758855,0.9932159385879485,0.9845420552647115,1,49,114
2.1165598004260344,0.5645888086499565,0.38165041252227844,3.091678504484336,-0.9660987549593869,0.04703744280339217,0.1921936154598826,0.023131727005870843,0.9940808559303974,0.9857147970238819,0.9908847842467119,1,49,115
2.018883429638578,0.6130659111084479,0.1684452694773446,2.992117857047608,-0.9859153852327419,0.14085598944637212,0.2616652397260274,0.031058891878669274,0.9921219462893427,0.9824241521151674,0.990286335892411,1,49,116
1.1744895204574624,0.9060930821374992,0.1503442910240684,3.3770721354901037,0.751405367869532,-1.103676110727772,0.4407029721135029,0.04849559686888454,0.988063506501035,0.9597004662395273,0.9870295171773085,1,49,117
2.389753172792643,0.5939522273029325,0.5498099403178885,3.249137488363476,-1.1302542917485408,0.2755044738346779,0.3623180650684932,0.027320817025440314,0.9941274621907866,0.987105414056067,0.9888692128408526,1,49,118
1.6337460241487871,0.45565892553698034,0.5537377090805712,2.417849292548866,-0.4761114150327607,-0.7589318600488122,0.10851119129158512,0.006681139921722113,0.9989953147041865,0.9980201454134798,0.9465095305105307,1,49,119
3.0311017847393007,0.43518935705903483,0.2323422549994559,4.03080311038842,-2.2055981418371173,7.0329860610022,0.4135503302348337,0.03601241438356165,0.9918023404294141,0.9705056736559307,0.9931291951523298,1,49,12
1.6567590169230628,0.5841569430265201,-0.05972254691412938,3.6129489254287734,-0.33704085288605506,0.16743569186062413,0.46174779843444225,0.03583659491193737,0.9916264277253599,0.9805627463293816,0.9853004127723254,1,49,120
1.7846337876566918,0.6096642178725891,-0.4976381394151171,3.459125579718297,-0.8824343502209686,0.9837446647245778,0.4099192759295498,0.036784491193737764,0.9917154205669967,0.9789180120112436,0.9838387048344667,1,49,121
1.794989266732306,0.4605753484755136,0.12358220971656574,3.2599927666209965,-0.9270032890161628,1.3416015340841927,0.3644126100782778,0.031861545988258314,0.9929639800112087,0.9804366982373757,0.986566056092094,1,49,122
1.6784245108163582,0.322508849331138,0.582884998569552,2.3936292465133286,-0.6622240795629922,-0.07463312395037525,0.1942652274951076,0.016626406555772993,0.9963092337300858,0.9874201488995098,0.9867052206383317,1,49,123
1.808207381577913,0.47850970782576946,-0.08853778223006496,3.550212843507964,-0.9479503510632004,1.7544078470974034,0.6465034858121328,0.042976394324853215,0.9922110236015426,0.9829636099248316,0.9815854124323568,1,49,124
1.2551117683476407,0.26111639349194005,0.16631368867867555,1.8867948427624492,-0.762033977964389,1.062321038128073,0.1867432118395303,0.016748715753424653,0.9964872044576519,0.9899571358766084,0.9819248815966414,1,49,125
1.3778982427273603,0.19728139702460393,0.5587285431153557,1.8530108276660653,-0.8827785116553952,1.182872825551601,0.1956717832681017,0.01418022260273972,0.9973326480723561,0.9911652446197472,0.9788277218507397,1,49,126
1.163530540670971,0.25224752825983404,0.36353104441708345,1.7494702797404924,-0.6166455458465353,-0.16808051692378445,0.10149370107632091,0.009303143346379647,0.9980949591581167,0.9928308064856114,0.980739596839888,1,49,127
1.383848765696693,0.3262219662381924,-0.3491161516803526,2.254186051528419,-0.8955339645777624,1.3117946592758072,0.26303357387475534,0.02731317270058708,0.9932450556226973,0.9751647777915936,0.9859616552470649,1,49,128
1.3755987552848359,0.35498895512986645,-0.5211936314373267,2.543070237583435,-1.2804703884639073,3.7291848044809672,0.36145425636007816,0.03546202299412914,0.9912688629171841,0.9712093610738118,0.9847323384753851,1,49,129
2.972161225233264,0.4644857154852198,0.29553695185734097,4.28957276902609,-2.349179472688386,7.618875477597962,0.29036967954990206,0.031410530821917804,0.9921995888021073,0.969033458111264,0.99290444717013,1,49,13
1.3304767168979388,0.387962251062941,-0.5363781945710266,2.532883462651191,-1.4336252048801987,3.0960833753354073,0.3546813845401174,0.03751070205479451,0.9906047245571179,0.9705369998212029,0.9846628231728808,1,49,130
1.5086405842229258,0.30243311771451453,-0.18007412013476162,2.6258265282762174,-0.9289063556561413,1.5449835828810237,0.1698416095890411,0.019095523483365948,0.9951909281530564,0.981502250271267,0.9885749244081995,1,49,131
2.353390264059893,0.7328949173711287,0.37150324720190225,3.8794563603262775,-0.558239518590655,-0.4267030201540227,0.3659414750489236,0.038244557240704496,0.9909791192617387,0.9823503667116721,0.9902243170591605,1,49,132
2.581346462782992,0.5604350161220495,0.3454541935849974,3.8268837526305726,-1.38882490030662,2.8453580537367023,0.6830739359099804,0.048587328767123295,0.9902707251037373,0.9779493480031516,0.9903199125622929,1,49,133
2.6407940203542504,0.4549962299203574,0.4637487826249768,3.94088208497779,-0.962260710973816,2.6076470950744186,0.7681476272015657,0.046278742661448144,0.9909367638858886,0.976728254669494,0.9887427542369212,1,49,134
1.5368914861872192,0.6520643465162829,-0.10471059688394875,4.468471510158941,0.42590484099543835,0.677827858050764,0.19003027152641883,0.035614909491193746,0.9900096258565457,0.9815324283625148,0.9907974515781448,1,49,135
1.6261681935436085,0.769565709550391,-0.21046856593786012,4.735112982968499,1.0399167402578524,1.2158060531364105,0.5954546844422699,0.048526174168297444,0.9895118076680941,0.9795491343349928,0.9797519419658499,1,49,136
1.6097317482050943,0.6723630086294187,0.22996448508625658,4.024825522531418,0.684336124478196,0.2569967353179883,0.5060619496086105,0.04050727739726027,0.9908671347847364,0.9822242338621469,0.97823739818728,1,49,137
1.8634470940817167,0.5254767974290115,0.1956227337196132,4.050923692929406,-0.09421512070013997,0.7526472251415623,0.529621758806262,0.03411662181996085,0.9931520277637277,0.9878459937778823,0.9802038534568985,1,49,138
2.6335459109567627,0.45396501170211234,0.9069732767907668,3.2557992703550753,-1.7411379165822551,2.7853563571840017,0.35578216731898227,0.02073905332681017,0.9964006324881067,0.991003943311595,0.9838957273486659,1,49,139
2.8772858593760624,0.47854572418184416,0.5453231512793502,3.602467763808889,-1.9482228893859181,4.251122909735106,0.39951534980430514,0.03340569960861056,0.9922824612788652,0.9739134766505916,0.9923652288259075,1,49,14
2.5636286104646007,0.4826951632319149,0.7979329856856222,3.2385678770728847,-1.9293850037122269,3.2577731797752545,0.47014126712328763,0.024790545499021526,0.9957975958768164,0.9890361946467597,0.9848453285566081,1,49,140
2.7006943935628573,0.4710528972870947,0.8985069599687133,3.6739926594805845,-1.6432230302222122,2.828279292003126,0.4879066780821918,0.024385396281800392,0.996058499453255,0.9907474859101573,0.9822722126641599,1,49,141
2.746022640612754,0.6973631230433368,0.676864300714923,3.77208123891625,-0.9164757374578701,0.13717781538091955,0.30180558953033265,0.02142704256360078,0.9962474391058888,0.9937699983283195,0.9867058922605396,1,49,142
2.809084361536147,0.6206954407916688,-0.1287841246642147,3.8279763146188834,-1.3366054325767995,2.3983205796288853,0.37469422700587074,0.02169459393346379,0.9963665137917297,0.9930094728799492,0.9844294106240655,1,49,143
1.383088744160523,0.35220242903432686,0.3519794399055005,2.1521288977935193,-0.3655891212830402,-0.504621372768514,0.1907794153620352,0.017559014187866928,0.9958037628794922,0.9877285371709251,0.9881475052375249,1,49,144
1.3247435068717537,0.2561729125143098,0.28217748684942523,2.296579199436628,-0.7834635777729595,0.7113582793795259,0.40246605919765155,0.03819104696673189,0.9899288051562113,0.9575217022264406,0.9911370841769543,1,49,145
1.2992730001139265,0.22738473126840827,0.0752615960979233,2.2192106147373085,-0.5107766517247282,1.8738953604772242,0.4229987157534246,0.04657687133072407,0.9869292115442089,0.9450006620645465,0.9921601939572351,1,49,146
1.3169240041293975,0.2503871154509946,-0.001184200094850296,2.050253789973078,-1.3820591304846312,3.948036342445384,0.4209194593933464,0.04847266389432485,0.9861371640174919,0.9427143411647367,0.9926543086249272,1,49,147
1.356034516924117,0.25335873070414966,0.005476493728255468,2.466078770906983,-1.0957178608218423,2.382046377410762,0.565771771037182,0.05405302103718199,0.9856261745391787,0.9467867749401866,0.9908658998229384,1,49,148
1.459102172091605,0.2437657195985764,0.16508512784613558,2.4042274141636746,-1.1738993966729334,3.0604074528404537,0.5483732876712328,0.048220401174168294,0.9882032900870952,0.9587550933359896,0.9899718253759253,1,49,149
2.7503513944921645,0.5532270173679046,1.1702186633649532,4.4263347007288045,-0.9378870618041705,0.045822055919702454,0.3700999877690802,0.025593199608610562,0.994710404434511,0.9842368032716109,0.9894561908408973,1,49,15
1.509241728350068,0.3424556261379509,0.025358929509556552,2.1476537705403302,-1.568806380074524,2.7461533260110347,0.5004892367906066,0.043228657045009784,0.9894372775125534,0.9696216864416723,0.9893216836770473,1,49,150
1.7249096682406282,0.5159100152250714,-0.12312816632824061,2.337171906456073,-1.2376494437250343,0.8073580730298993,0.2884662426614482,0.02078491927592955,0.9958915870652821,0.9890470483041369,0.9883577479099722,1,49,151
1.684330422922181,0.35587714800344206,-0.252193287667049,2.3951694530634304,-1.8407555742554567,4.700707437131566,0.38766664628180025,0.025027519569471614,0.9951399640932462,0.9859222862829516,0.9869625179699257,1,49,152
1.7376220047377817,0.41858016815202786,0.20812278270352413,2.2873299950172963,-1.5128215210515048,1.7860771021279653,0.20578522504892366,0.016244190313111542,0.9965219779670764,0.9882041507941665,0.9880642580199709,1,49,153
1.4793994768718919,0.29244528145139387,0.40147433662999116,2.683226094144366,-0.565054508766238,1.6288846587784427,0.5388025929549901,0.03683035714285713,0.9925399415548465,0.9652587258130082,0.9841301990974256,1,49,154
1.4494871995720553,0.2717397535510703,0.3681699209652778,2.5151062910244115,-0.7542144776409864,1.3215333058047065,0.40684625733855184,0.03633347602739726,0.991560331898645,0.9524464053451105,0.9907930949866434,1,49,155
1.5083377764725625,0.26066131773941953,0.43015617487174224,2.662534547421353,-0.8781199241878892,1.5811655327991057,0.564839163405088,0.04405424412915852,0.9897399949279979,0.9511005056375501,0.9912407247461316,1,49,156
1.609195673319403,0.24456179283795199,0.33523444032620103,2.935295248597154,-0.6435126585595073,1.510603846693054,0.46734344422700574,0.040010396281800385,0.9903416711626726,0.9538525095573208,0.9903174547514989,1,49,157
1.7743418858585303,0.24935597525888092,0.43897453567241196,2.5630980523005884,-0.7642136766300704,1.6780578357132239,0.5332833904109587,0.04023972602739725,0.9910327303920237,0.9622086426617793,0.9905944711604596,1,49,158
1.9080609975859935,0.2804977293713403,0.7929671454268099,2.585226510281813,-0.7235612383715354,1.0111470402852438,0.7597235812133071,0.0396434686888454,0.9928754790581698,0.9752006778360303,0.9849121758947436,1,49,159
3.042654757841993,0.6562094386643939,0.5497151320202001,4.12456859763067,-1.5334986660711931,1.733783479237026,0.1457466976516634,0.007407350782778864,0.9988725369632926,0.9972940458634993,0.9758305236965661,1,49,16
2.0947534411123847,0.5657543955841016,0.1801657120261715,3.362174854951609,-0.9585126881732973,0.3595233234219086,0.20035011007827788,0.016802226027397258,0.9963080925195326,0.9901554368791133,0.9873852516445427,1,49,160
2.335711584753488,0.42189946756126523,-0.27874730890398147,2.9642897994406554,-2.7799612823799458,8.020765765851054,0.36099559686888444,0.020998960371819954,0.9964781917669567,0.9874921609853875,0.9870151372455037,1,49,161
2.430804448779616,0.5435456835510051,0.3536547122845434,4.482151119309431,-0.7165445489049259,0.9403545285376866,0.2848657656555773,0.019974620841487278,0.9960821244792863,0.9894903537340349,0.986859618486947,1,49,162
1.66591143939544,0.513384382407964,0.40412283826923906,2.5418506221047723,-0.5783869969548607,-0.6829112586144945,0.12954837328767121,0.008317025440313111,0.9986915674981871,0.9976226397734791,0.9708763670838586,1,49,163
1.9718720900521252,0.37336744017832835,0.14338613208130635,2.5475268054034927,-2.1577627590653523,5.028734120322143,0.1916814456947162,0.014447773972602737,0.9970883380950474,0.988508468247844,0.9878263531818766,1,49,164
1.8951820300537652,0.4094257861546987,0.38543630153989816,2.7357206059475643,-1.5734106473361889,2.0065844604710428,0.29286172945205474,0.021105980919765163,0.9956559155858852,0.9839883452032342,0.9857133602335616,1,49,165
1.9116090258861298,0.4845777423921839,-0.3802260257145219,3.80487718041998,-1.4904024197824648,3.6617438019866055,0.30866254892367895,0.032840019569471614,0.9916940600346481,0.9748595916986001,0.9905209694330989,1,49,166
2.072444240076379,0.5349085498145577,-0.367812523831502,2.925336666747629,-1.930646128848307,3.5354595636927444,0.19185726516634047,0.021679305283757336,0.9946764144631608,0.9799002803563229,0.9922602058979725,1,49,167
1.9675649668261308,0.6652542971080647,-0.22229543118504638,2.7558958556117377,-0.9765899913608838,-0.26457919314032985,0.14461533757338552,0.017857142857142853,0.9952772324766808,0.98662224851073,0.991770842830654,1,49,168
1.39074395787122,0.25918016248189285,-0.3192585839777511,2.075838529614363,-0.5168146859740281,2.18003181366481,0.2507414995107632,0.021923923679060667,0.9950405936632216,0.9763214427298108,0.9891159168382125,1,49,169
2.591937598461193,1.0116767722281372,-0.0791094607591869,4.1297860457294675,-0.5376511699669717,-0.9323287517176926,0.34746514187866917,0.020891939823874748,0.9959542443597758,0.9900363013240342,0.9825641614024675,1,49,17
1.385219295990446,0.27770935080390796,0.06751662785405821,2.2413257595977174,-0.4174428492227568,1.212225450027967,0.30712603962817997,0.02920896526418787,0.9929212565144466,0.9643526555035966,0.9903540490580794,1,49,170
1.4202148148686586,0.29565557861749847,0.1781977014709684,2.319052734269267,0.08165756196940788,1.1817436222498463,0.3400425024461839,0.03250366927592955,0.9915966696611066,0.9584856672288654,0.9913027356282021,1,49,171
1.4637865563456816,0.32887872558711057,-0.2641471254021944,2.395520743717414,-0.13568671276872796,1.5588509296514097,0.37648299902152627,0.035943615459882575,0.9907255866594938,0.9617439343930854,0.9913408561660225,1,49,172
1.6076871164568531,0.3676137705294095,0.306257920760058,2.648045289443969,0.11211565466809315,0.26633486091597147,0.3564854452054794,0.03211380870841487,0.9917209906426616,0.9704076564129637,0.9913173113226692,1,49,173
1.7595810034891584,0.4271535998361803,0.534466542305657,3.445098224619673,0.012140099473758511,0.004005845671105401,0.3034032534246574,0.024951076320939326,0.9938144685185138,0.9804608284595611,0.9904059583420178,1,49,174
2.312263902399939,0.5664436063470905,0.738393513183229,3.3467334765479273,-0.66905512973232,-0.2365839382568189,0.241522443737769,0.015242783757338547,0.9970827601631851,0.9934528724949391,0.9834194049992446,1,57,175
2.37542733737583,0.5761009285533366,0.1357477782283692,3.2298446012088626,-1.5270185506813885,1.826250020767132,0.26950067270058703,0.025470890410958895,0.9939878135190013,0.98424789058243,0.9927113794387784,1,57,176
2.304982400662766,0.5568691439394676,-0.039956450286543314,3.4064737848647644,-1.538881356605148,3.139842027731465,0.41040851272015655,0.03679977984344422,0.9915657212438939,0.9806471816334434,0.9905025110718286,1,57,177
2.3523378942582056,0.5215595710324976,0.4096806754815804,3.5419474143446688,-1.0766801578832512,1.5400248831826397,0.41859558463796465,0.031930344911937365,0.9929645142337241,0.9834025169131121,0.9901544615710101,1,57,178
2.3901848745807595,0.5464226521554165,0.07020515930949504,3.548413570178217,-0.7792275117542115,0.20084034215827407,0.3243028375733854,0.02102189334637964,0.9956665311475287,0.9907164464063908,0.9863736233198894,1,57,179
3.0302812431658546,0.9635942989163846,-0.10727721519243404,4.098491434962576,-1.181323709957888,0.18606581718831494,0.15732020547945202,0.01569379892367906,0.9965866428195466,0.9924174262958718,0.991593555081068,1,49,18
2.2446282850263786,0.49400955278053604,0.2596160104021492,3.3643316780420522,-1.501935920158456,2.122949948751099,0.25480063600782776,0.022596624266144814,0.9947751330778642,0.9852726625853635,0.992487016507325,1,57,180
2.295792076244636,0.41938641554559436,0.14914642765338215,3.4507810146051643,-1.2007878144705975,3.627636605038469,0.44785041585127194,0.032977617416829745,0.9929864548273734,0.9815769311416148,0.9894092221428318,1,57,181
2.2065756433229176,0.4710374861616375,0.37392638402930234,3.565580760531799,-1.0351117666062248,1.7537860326067651,0.4017398483365949,0.032985261741682974,0.9927052622204455,0.981763603611018,0.9908594763893702,1,57,182
2.2845733155193355,0.4727713128376599,0.5543393937445976,3.187236826069302,-1.2646675285341122,1.3433513749978037,0.36951137475538154,0.02446183953033268,0.994930675345734,0.988312991361033,0.9883529875853235,1,57,183
2.0964008809729004,0.7283669055633419,0.14496779941007823,3.243144407003481,-0.6338708328305251,-0.5163271078750533,0.2458797089041095,0.016626406555772986,0.9968567712853711,0.9934413488432555,0.9824563518349013,1,57,184
2.290204805443089,0.56850395098767,-0.021942139718641295,3.2539267057627583,-0.901179974542802,0.6604382949264784,0.32048067514677087,0.020104574363992166,0.9963745008149003,0.9919700584915054,0.9804101486152688,1,57,185
1.393916445932185,0.2442154265667911,0.8317997658942444,2.1899843419028158,0.10448728423071667,-0.7009211526262904,0.08639615949119375,0.005182852250489238,0.9992514128551092,0.9980048876872156,0.9603965896517769,1,57,186
2.099876358192651,0.5608885681624298,0.24680651662954764,3.042965073013158,-0.8181465224806131,-0.12400848924469665,0.2528895547945205,0.016718138454011742,0.9967738291649038,0.9915573677977934,0.987594756906823,1,57,187
1.7773620936190457,0.5665986010707739,-0.3604905786811603,3.291108453007995,-0.7908149316735594,0.6757382567262797,0.19837022994129155,0.023643896771037176,0.994098943654462,0.984262168350152,0.9921566467782248,1,57,188
1.803595912992407,0.44299431371509845,0.3501524223367397,3.117642367040186,-0.5231327938984472,0.7267300721203727,0.2750122309197651,0.024943431996086105,0.9937574936812632,0.9811032404022941,0.9899756149452528,1,57,189
1.873909319967915,0.7545861308783887,0.3801172267378614,3.40477859195311,0.12036662929502466,-1.1417729149554123,0.08195480675146773,0.008752751956947163,0.9980211583254806,0.99593711110767,0.9832889696821554,1,49,19
1.7033591657539302,0.4017742045528995,0.4716572865436235,2.7878928466813986,-0.20084318888800207,-0.23462818439061062,0.2806690313111546,0.026999755381604696,0.9932136368020955,0.9792388174675801,0.9894161678415253,1,57,190
1.5827785235491398,0.37406957287883874,-0.44961893083645904,2.41811482733695,-0.667132855290956,0.7147663705660099,0.20661081213307242,0.021587573385518588,0.9945880998247789,0.9815367360986097,0.9874892020595325,1,57,191
1.7818271266091803,0.3136582456685979,0.49788589997502747,2.426925532107931,-1.3511504469116218,1.7025000697695951,0.2862952544031311,0.02111362524461839,0.9954398358592941,0.983205344636601,0.9870989862578987,1,57,192
1.6988649443767665,0.22545282785655293,0.5408861020542856,2.281982219857088,-1.6705770610051325,4.848419092582776,0.30681262230919765,0.027381971624266144,0.9933848006510718,0.969406438086287,0.9892210023911814,1,57,193
1.669623678221347,0.20960443392364103,0.5554292286575359,2.3113445112630484,-0.6985831103084975,2.683737617544123,0.7156005381604694,0.04957344667318981,0.9882421657130815,0.9545962675494349,0.9898921602974171,1,57,194
1.661726695302531,0.29468660827909793,-0.48161506403175874,2.400587194880146,-1.864289870264434,6.832719964744534,0.6856577177103715,0.06204134050880625,0.9840734760162465,0.9467340697456279,0.9922470006242806,1,57,195
1.7003979155185969,0.33640692030158176,-0.2585215810855433,2.863665356140141,-1.1841609238626305,3.573940198250007,0.8813753669275928,0.06544306506849314,0.9832608523211281,0.9494795622413416,0.9908356520337744,1,57,196
1.8598290166126066,0.43614057525191696,-0.5047417994860823,3.341587052391373,-0.5046348022655267,0.8460632640821313,1.0912961717221132,0.07012903620352248,0.9838700888379847,0.9616378429090943,0.9876872319690869,1,57,197
1.4741856127755897,0.2805854151097778,0.19358030178565974,2.1317192520991246,-0.9924321552236702,1.8517047628982866,0.27984344422700586,0.01723030821917808,0.9966910354854379,0.9906216233608038,0.9808303689442546,1,57,198
1.6321069912670367,0.360861826533903,0.8786399368198266,3.1186250667543534,1.33480250607846,1.5560870906545619,0.21946092221135027,0.013836227984344421,0.99775446135727,0.9915661223603649,0.9787362428203341,1,57,199
1.5889671391308386,0.4935803452601231,-0.32796897849714957,2.677102557939058,-0.5363987415016116,-0.27773992924044766,0.374197345890411,0.04234191536203522,0.9881899940778897,0.9666223815993943,0.9906525455949783,1,49,2
1.8593430665873056,0.5590345114016497,-0.011002902630207291,2.9636600014556382,-0.6361065758286794,-0.3536354788012388,0.15838276663405088,0.019103167808219176,0.9948368453065364,0.9817118493737025,0.9915084987494088,1,49,20
2.0624519423124585,0.34172556447634383,0.9953851223898208,2.8251520219636923,-0.8314157914893094,0.3936419891097187,0.21883408757338543,0.01307943982387475,0.9976172129187498,0.9933959293229173,0.9746129739509273,1,57,200
2.2024691275191097,0.3147702689311185,0.5686533108590832,3.169343682801099,-0.8560828924936077,2.0242427944270567,0.44437989236790587,0.024370107632093924,0.9953944351664648,0.988928496773416,0.9787176083840293,1,57,201
2.365494446048114,0.37389441098813603,0.6929487624235837,3.674998449755153,-0.4241970601484886,0.933604724130686,0.5389478351272016,0.02416371086105675,0.9958858295389053,0.9895666295551261,0.9755102823716858,1,57,202
2.2320699925801124,0.5211905387451341,-0.023184467184895925,3.2393848922803414,-1.2882416652374153,2.8156672738549675,0.10763973825831702,0.006046660958904109,0.9991155806131631,0.9983794221498882,0.9530519767029424,1,57,203
1.5674458229105228,0.394970761339444,-0.16408924706159217,3.0459192116437763,0.2106436134121774,1.5669127483940812,0.33927042563600773,0.036578094422700574,0.9902540730606553,0.975414412852845,0.988042785678721,1,57,204
1.511604335732709,0.36328553580676315,0.07514204440419621,3.5756140831358856,0.9719768519625815,3.722014281837379,0.5130029965753423,0.04601119129158511,0.988405730753143,0.9654623580367623,0.986117180182145,1,57,205
1.5668672460533162,0.38214054716212476,-0.2671953923459572,3.8384451127956076,1.4755031554654914,4.911238258964058,0.5481668909001954,0.04842679794520547,0.9876293751791313,0.9660338316457924,0.9836881485415859,1,57,206
1.6311869316078131,0.33941283522133386,0.18000168297909905,3.406043010417758,0.5439328247395163,2.282053434163635,0.5874587206457925,0.049344116927592954,0.9878634911212094,0.9682653931729264,0.9864539329298362,1,57,207
1.7530337664278723,0.3703785314939808,0.10946133370336004,3.7417354244633905,0.05742328556820994,2.4013779982051364,0.5756329500978472,0.04228076076320938,0.9901615017932129,0.9762318072198347,0.9839989714978388,1,57,208
0.8003146788414189,0.27030371861376307,-0.3204779146528108,2.223582097966345,1.2111660900789092,4.427822618833155,0.47341303816046965,0.04791462818003914,0.9877685139454226,0.9373055293656499,0.9841116025274826,2,49,209
2.0048982489954814,0.350931848927979,0.04143762835729708,2.851298272933573,-1.3702568528496475,1.9593521805645109,0.21115918542074363,0.021725171232876712,0.9944813771489981,0.977526491259164,0.9900314341029876,1,49,21
0.8686961766177095,0.5052775540927551,-0.5908637320932709,3.0812951344920814,1.9796067157712962,4.047613317204742,0.49546691536203513,0.058089224559686875,0.984735980511879,0.9359131076643616,0.9845503094212261,2,49,210
1.7711239696876648,0.6413390254354192,-0.3253236454837804,3.4312717835424253,-0.6630599060983462,-0.00043327628310985133,0.30539077788649704,0.030454990215264186,0.9924748528959154,0.9820261034559967,0.9906832116140937,1,49,211
1.5659599073531882,0.5096634854943943,-0.0955571536686944,2.734479651004391,-0.42132810250536196,-0.23926558291168254,0.4049504647749511,0.045361423679060674,0.9884208521389548,0.9704679480539996,0.9916531811056972,1,49,212
1.5021127976511979,0.4569828589739035,-0.3279131100630781,2.936152742041038,-0.43837273282347394,1.00689607310371,0.42133225293542065,0.05003975048923678,0.9865846223934588,0.9665115446110173,0.9921066718806312,1,49,213
1.4081457191565279,0.5807833902568103,-0.5935995053300992,2.653599942460981,-1.1209396197001213,1.1666476864032722,0.4249709515655577,0.05185909980430528,0.9857689563699561,0.9636423369240863,0.9919665590224856,1,49,214
1.2553096490402076,0.8056032421229424,-0.5297425582329672,2.865417517528356,-0.6388978042357073,-0.7496306713249887,0.3726914138943247,0.04856439579256358,0.9869492873656025,0.9679833014308896,0.9912827370457135,1,49,215
1.0652626044863074,1.203021676137082,-0.3941712233584635,3.4665396715706107,0.19093623373650775,-1.7137607230610685,0.34491193737769077,0.030745474559686882,0.9931334045032367,0.9826227674816429,0.9845258773970532,1,49,216
1.1354296677008864,1.2036019371194915,-0.36945788424163023,3.4952316959655834,0.38799575623750987,-1.4467839146803803,0.16677623532289626,0.01880503913894325,0.9954131113137974,0.9879006956910669,0.9882021509980293,1,49,217
1.6430553043683913,0.6488211461392803,-0.31239634502055846,4.005409144462414,0.1619106949827361,1.037223079572743,0.19178846624266147,0.016848091976516634,0.9965092696844503,0.9927381666961343,0.9849424145682487,1,49,218
1.58621975887655,0.5165263754839069,-0.3906127038276833,2.799787508061837,-0.7401455533153566,0.7769229181244621,0.16408543297455966,0.013935604207436397,0.9972662566292356,0.9930364991933762,0.9822110243732778,1,49,219
2.0115904664217847,0.35171126782970014,0.18695559832772168,3.005124284124916,-1.5310282829534325,3.3319268562494804,0.2575984589041096,0.02662518346379648,0.9931162606488231,0.975434721552452,0.9924467588320011,1,49,22
1.4215199437323924,0.6207122077499552,-0.8348197808649377,2.5704784077630927,-1.3174249377070748,1.7507613988230162,0.2269905821917808,0.02114420254403131,0.9954548851740758,0.9902196755386258,0.9843605033581774,1,49,220
2.1230573412941305,0.6899099249897945,0.4236572544358314,3.7712239373774477,-0.4457050455757023,-0.8448798231338803,0.3915499633072407,0.025738441780821915,0.994185090948933,0.9833145348513094,0.9903341487232983,1,49,221
2.291055381217529,0.6246607415651686,0.08274200028760365,3.5075735258433807,-1.3695924573184226,1.922528815922683,0.2956366193737769,0.030003975048923673,0.9929171315051386,0.9749767718729055,0.9941913709192332,1,49,222
2.3050743863156655,0.5165735833180531,0.13390793309782953,3.247201557222167,-0.9884236671116416,1.43616697748244,0.4077559319960861,0.032511313600782785,0.9928002933229668,0.9713263560432542,0.9918317578347399,1,49,223
2.220793098487846,0.563700641945406,-0.12709921252503378,3.429788447863017,-1.1380916240095205,1.5809334061393159,0.3228198385518591,0.03347449853228963,0.991746529583738,0.9699881666442932,0.9939270936876377,1,49,224
2.21645941347445,0.5990764780198851,0.06475035674393255,3.144405579877372,-1.0560812258650358,1.0634777805191682,0.4063952421722114,0.03321459148727985,0.9922657090968511,0.9744208532280341,0.9926894040074767,1,49,225
2.1846118264666465,0.6519995248707732,0.19759357555324547,3.296057535711641,-0.7747045357314909,-0.035651684259979444,0.30743945694716235,0.024943431996086098,0.994529935913552,0.9833070783455213,0.9904271318306672,1,49,226
2.36237654883243,0.7595386823701633,0.17842143605718347,3.119402486860896,-1.4372419578646465,0.7932947571616515,0.13285072162426614,0.010036998532289627,0.9981601471045117,0.9958875587782111,0.9873519088596325,1,49,227
2.18606633835829,0.8115592115312676,0.1251641701075112,3.446283812842315,-0.7420086199452219,-0.6562262909677798,0.18781341731898238,0.01687866927592955,0.9966988773472087,0.9915918314985499,0.9886780277691378,1,49,228
2.0411947007112454,0.7775756434849197,-0.6752914725754741,3.7493608740803572,-0.7541749707638232,-0.3647560377700829,0.3741361912915851,0.026105369373776905,0.9952015629641625,0.9897151131019678,0.9867934666691681,1,49,229
2.092580974481975,0.38466613694311846,0.6407956311629042,3.168047559335836,-0.7536218951326579,0.7936846364215717,0.2259891756360078,0.023835004892367898,0.9940056032812297,0.9795128984675007,0.9915855736144481,1,49,23
2.058882803051554,0.9007329697755457,-0.5480414011579923,4.123427279060514,-0.859503021797087,0.03919641166128063,0.2737585616438356,0.020586166829745595,0.9963610220781204,0.9940681105267667,0.9818665810609881,1,49,230
1.627164858278701,0.5655478068062826,-0.1952190540895878,2.6767837008528255,-0.5887123382894188,-0.4550057594484396,0.29686735567514666,0.024752323874755372,0.9942905037395864,0.9844647164826366,0.9874046455022397,1,49,231
1.8408394289943255,0.414800624941793,0.30777287888454347,2.5271091400341597,-1.5905232084224088,2.006749978069041,0.2654721135029354,0.026999755381604696,0.9936057012002777,0.9798703223176582,0.9924704896870366,1,49,232
1.8170224669593305,0.3291775614414982,0.21559422311109078,3.4852852561187273,-1.7191271407613022,5.817912689012497,0.2421416340508806,0.026067147749510758,0.9936335422484563,0.9759240124916833,0.9927259113644604,1,49,233
1.8792072510514037,0.3520501449894415,-0.38625323009139595,3.33618879427793,-2.4480689732821723,8.575431579414722,0.2916233488258317,0.027221440802348333,0.9936052872678687,0.9760078627815769,0.9922159505962379,1,49,234
1.967579741635553,0.3315086487910329,-0.5213108449181434,3.021720512539904,-2.328727882593109,6.787268772278949,0.3101455479452055,0.024645303326810173,0.9946464282422065,0.9800673270061915,0.9907177825950697,1,49,235
1.874933828594945,0.9148379914664658,-0.7899748127999411,4.192618015934591,-0.40031152294772915,-0.6027262103025999,0.22306904354207427,0.026571673189823865,0.9938553815173423,0.9881478621773037,0.9876611122818079,1,49,236
2.298064918595051,0.8646262296183558,-0.18866887238276,3.8012961956908278,-0.909672107591655,0.046221334811166415,0.2231072651663405,0.020196306262230918,0.9959084425904133,0.991878194583483,0.9880306411365694,1,49,237
2.138202386360937,0.9210722510061345,-0.33587264010542345,3.677097281212855,-0.5488498437281315,-0.44558555525133015,0.17166860322896277,0.01714622064579256,0.9962314568116041,0.9929826662743774,0.9873032720683904,1,49,238
2.00589091264928,0.5623068823457168,0.008506784590891485,3.019538994994891,-1.2569217688241263,0.931912902196308,0.19171966731898238,0.011328889432485324,0.9981958804556204,0.9965601217511514,0.9762463700214189,1,49,239
2.1022978165452093,0.6050186937087662,-0.19792371258039593,3.185499473109886,-0.23247360972650924,-0.8670822570380166,0.3535500244618395,0.024186643835616438,0.9953249331584961,0.9881635686145187,0.9848343878057781,1,49,24
1.737821068578803,0.5667517297201438,-0.06600498802522749,2.7062278692418915,-0.787276969263964,-0.2991025195195598,0.16695205479452052,0.010946673189823872,0.9980041915510584,0.9959753529783762,0.9761841688551643,1,49,240
1.767077708665521,0.3721574482604398,0.6222604052350509,2.980371186356673,-0.4439834673213451,0.8474898068313443,0.20019722358121333,0.011695817025440315,0.998100712630789,0.9954175331057697,0.9786389659796094,1,49,241
1.915598286022226,0.3829212514747814,0.06124527733309652,2.9287725000777463,-0.4599440393194876,1.2389933223259426,0.30266939823874756,0.020823140900195696,0.9960784624154194,0.9835243073448984,0.9885579507626867,1,49,242
2.0799693145265667,0.40289220600239617,0.4460270275439436,3.1916022037348473,-0.8089100006791536,1.839021643533365,0.3188371453033268,0.020601455479452052,0.9960905949919997,0.9843613584005386,0.9882368041010829,1,49,243
2.281121612981862,0.6057448112422805,0.1556960122164306,3.060088738561844,-1.4767438968010755,1.3629663158622067,0.22959729696673192,0.017727189334637964,0.996397973477227,0.9893727216349966,0.9885162943996224,1,49,244
1.7760868403330925,0.7281993553655061,0.04686925144615722,3.1767370994964947,-0.22407355061948075,-0.8102255063426758,0.12681170499021524,0.012337940313111546,0.9972116346399821,0.9937165309520207,0.9874486873296703,1,49,245
1.6561600685274318,0.5846597616975149,-0.24202539658326322,2.775935791823394,-1.156177976368056,0.9735203669918908,0.23975660469667312,0.015502690802348333,0.997355281718982,0.9948899046843004,0.9775454327136509,1,49,246
1.6367406294331956,0.5184539380581114,-0.35799869668869194,2.4928964268123592,-1.1129746537313714,1.0839438465419766,0.26969178082191786,0.016702849804305288,0.9971686493371367,0.9939000618058836,0.9793622037586782,1,49,247
1.3937414707668176,0.5996330999412542,-0.7420588235443866,2.7181618936244596,-0.5384821341077018,-0.3829645786041582,0.2160668419765166,0.020257460861056745,0.9954959136620128,0.990792786991296,0.9843795146321067,1,49,248
1.4567962687379818,0.5808429296214017,-0.42363601071620055,2.926240719751404,-0.62787830731697,0.06048386508260162,0.18629219667318975,0.02111362524461839,0.9951681981599999,0.9892871360141735,0.9884909585066446,1,49,249
1.9401473433502083,0.6287671453203689,-0.2240552549983058,3.32753844822424,-0.4371501962693488,-0.4881052691852239,0.5096547822896282,0.033688539628180046,0.9940648383004398,0.9865432008969096,0.9797961662969945,1,49,25
1.4648514183564914,0.5541884480302107,-0.3850542855411081,3.04891603439626,-0.8042429624514466,0.7155296228345045,0.1934014187866927,0.018529843444227,0.9959876571977879,0.991308890403757,0.9831910595559097,1,49,250
2.0458593007204287,0.5904542889006781,-0.40554176846816176,2.736220296805376,-1.7984528730117881,2.798669113590819,0.11421385763209392,0.009364297945205479,0.9983106972227263,0.9958380602461036,0.9754522561041091,1,49,251
1.37287961203017,0.35474564384308105,-0.12165007994034426,2.7065067030086403,-0.5314607841507855,3.7580250159959183,0.10972663894324852,0.006627629647749511,0.9990061830590591,0.9976112370863257,0.9549743337365583,1,49,252
2.907925528495091,0.9297586618231523,0.26337082114813737,4.0763481258222845,-0.9864555520503323,-0.07156950482682856,0.26361454256360084,0.012651357632093936,0.9984112184874785,0.9977755134700764,0.9716490248909763,1,49,253
2.811652210374513,1.1403829806517414,-0.29077367218321876,4.4328569152157815,-1.2918591396162897,0.509093701697859,0.21605919765166334,0.01669520547945205,0.9971703366164679,0.9943090528033953,0.9870118244867829,1,49,254
2.1919597617638424,0.9825182200476148,-0.4282728650631486,3.7835899422400487,-0.6045202140066936,-0.5448920695760431,0.2563371453033268,0.0240184686888454,0.9948546569142896,0.989497084043827,0.9895855040779428,1,49,255
2.3012549000947007,0.6587738820699861,-0.6780954576069227,3.316664144682205,-1.4498679023739214,2.41334419289113,0.37637597847358106,0.024744679549902143,0.9951304536058981,0.9861771391608636,0.9872244815702617,1,49,256
2.331291989945852,0.6782820851159221,-1.0922640483687447,3.3287351374150127,-2.0038908131834736,4.654461223822349,0.2772214408023483,0.022894752935420738,0.9953128231424178,0.9860291996496203,0.9894242404617755,1,49,257
2.499713225438828,0.6838648726751041,-0.5611510501608471,3.3923515135882583,-1.9849878450444367,4.021281801751955,0.25063447896281793,0.020578522504892362,0.9958251831595544,0.98782499728168,0.9909150854980588,1,49,258
2.5000519742061464,1.0711056925903615,-0.7120458258809431,3.98966083447235,-1.2114965125495432,0.4108766766062786,0.16627935420743636,0.019309564579256353,0.9956413395079118,0.9901320203411695,0.993402095097879,1,49,259
2.239495902335878,0.2903074141866409,1.1297456681196096,2.862574650406955,-0.36778158283653284,0.5050674742510401,0.12254617172211349,0.008026541095890412,0.9987031243713227,0.9970990906148249,0.9656494536780834,1,49,26
2.672215390533319,1.2409750704310618,-0.4386963757325293,4.441887853576748,-0.47841968241225574,-0.7774763854516502,0.13385212818003914,0.014088490704500979,0.996990971583091,0.994649073586771,0.9897673935636216,1,49,260
2.189462458129386,0.8659880036642872,-0.801834749264038,3.7346229195524567,-0.7839704720824174,-0.007989207909030682,0.31891358855185903,0.02433188600782778,0.9950750496806712,0.9918207215164696,0.9857898669059839,1,49,261
1.9173010867313385,0.9639068345672471,-0.4731470765407002,4.277033598028303,-0.28685146951284374,-0.453837993870295,0.36693523727984334,0.0395670254403131,0.9918590530115092,0.9864775567468077,0.9864025762312141,1,49,262
2.1644363104769204,0.9397241698005714,-0.7336465604532849,3.844778959191473,-0.8826701665476264,-0.010078386862692579,0.23967251712328763,0.024607081702544026,0.9947374953576408,0.9912053817858408,0.9903525882490245,1,49,263
1.8591715690594763,0.9490723352190348,-0.7117438877296824,3.8832034065951735,-0.33677887600113393,-0.6926429265016338,0.26766603473581213,0.039727556262230915,0.9907074442945393,0.9840430304096142,0.9905636698511563,1,49,264
1.856615214273984,1.0102122798938735,-0.605538507262439,3.656229964127467,-0.5563678785483678,-0.9022524763328725,0.3719804916829746,0.045621330724070444,0.9899338754158574,0.9836072595757904,0.9894538482185667,1,49,265
1.7544543438100748,0.7599276050988207,-0.12618247298830623,3.310055979827177,-0.4942762113823033,-0.23143684656444252,0.3097021771037182,0.025463246086105673,0.9944193473254739,0.9901543647259041,0.9839329646767504,1,49,266
1.842596377965805,1.0177866440157182,-0.6013171954303393,3.7061971935582534,-0.5581638783805614,-0.8796713127143883,0.45701596135029354,0.046209943737769085,0.9904376120794051,0.9843181348203198,0.985245134326274,1,49,267
1.6774453944187095,0.7912822970692698,-0.24920621484588323,3.4278050936804165,-0.30353430398410347,-0.43324348299017235,0.2062056629158512,0.02359038649706457,0.9942333000431592,0.9895925364047736,0.9865660184132193,1,49,268
1.578377045889895,0.23953176725271585,0.4975521165816339,2.1072989397390938,-1.1445134082601764,1.5722191610668972,0.38596196183953024,0.01749785958904109,0.9974662787625611,0.9918066982169947,0.9783676697332919,1,49,269
1.6247937494636553,0.6093265582061351,0.057867916636784186,2.868609231300308,-0.4344199801995275,-0.7975040742672346,0.13492997798434442,0.01281188845401174,0.9971868867509112,0.994496202364235,0.9839059141982024,1,49,27
1.473724008441035,0.2742140199096955,0.20413319206342137,2.147774950348213,-1.1903709004124978,3.7699444204502486,0.44866835861056753,0.023024706457925637,0.9962644380193239,0.9838881094400868,0.9830088950692765,1,49,270
1.423722899946864,0.25444995351749483,0.16915643053612905,2.6022532509089578,-1.0200463211559965,4.060355329449373,0.46812316536203524,0.028268713307240706,0.9948612835589291,0.9798074068373003,0.983347331862348,1,49,271
1.3590980078842518,0.40232699245124276,-0.12470379520810013,2.9910561401888143,-0.494201034270813,1.9086815557783936,0.6135946673189823,0.035370291095890405,0.9935615332202459,0.9789506520364101,0.9829813414254809,1,49,272
1.4243782266546634,0.3726943783110887,-0.09399365073797812,2.851728673717188,0.10809082723321559,2.223956329373401,0.5227571550880625,0.028352800880626222,0.9948709126828401,0.9842942616255845,0.9817068484607653,1,49,273
1.3819838576388321,0.43352205593847176,0.06401837222206577,2.167774295754989,-0.4413470114635165,-0.7014689243177439,0.12349406800391391,0.01363747553816047,0.9966775842149649,0.9892803530264024,0.9878322785969368,1,49,274
1.7341221890646417,0.5060499146157427,0.22107498993011301,2.659769245467537,-0.6625651694545116,-0.408640857065973,0.15563845401174164,0.015326871330724065,0.996427539306659,0.9883710040465586,0.989120013246789,1,49,275
1.4114440257624417,0.42772908572028645,-0.6356444461556302,2.6236554909298393,-0.9359796816348848,2.3172117676360218,0.34914689334637966,0.030990092954990216,0.9926736153017124,0.978223460028698,0.9871197890078125,1,49,276
1.386444334583743,0.3496382528963826,-0.6118979722014616,2.378301811187717,-0.7097592618280966,2.7456456956722715,0.2770532656555773,0.029117233365949118,0.9927572551660859,0.9757436808720635,0.9888287501577215,1,49,277
1.3866448214045668,0.4326256236367757,-0.09938427335224359,2.4391343890094435,-0.659275367432509,1.0584829673021563,0.360613380626223,0.03137230919765166,0.9927106569496468,0.9771268777643438,0.9884235717435002,1,49,278
1.53501848532352,0.38612370754649794,0.14578987340663171,2.9103482321433765,-0.23821653997771902,1.3633749043191914,0.31964744373776904,0.02430130870841487,0.9947201120316921,0.983297020051369,0.9872346960734333,1,49,279
1.8258549799658217,0.6517595714986283,0.048559725797926785,2.7636358438521635,-0.7234970675063045,-0.46731826263824594,0.12873807485322894,0.011611729452054794,0.9972246124836869,0.9917485506930339,0.9903161845302443,1,49,28
1.3282787338018407,0.473836680123907,-0.08368642546463427,2.4379041070348193,-0.5025647960877034,-0.49552792769996445,0.251872859589041,0.01787243150684931,0.9963680215312468,0.9881296027007485,0.9826475931177566,1,49,280
1.8088541934561164,0.8341294944063701,-0.2298639552268973,3.0627958963748987,-0.6449823950396755,-0.7904743660230329,0.1431399828767123,0.014753546966731897,0.9970471950960733,0.9941293103251334,0.9885072774129806,1,49,281
2.238651239122937,0.6055070976541985,-0.28553391944988993,3.006584064082602,-1.982134622400322,3.5600060813023573,0.25678816046966724,0.015021098336594907,0.997836715556073,0.9945843858352026,0.9826147724920826,1,49,282
2.4405569010602597,0.6161845546193022,-0.16511373082020891,3.355649575911815,-1.9984248170865055,4.363854861563917,0.1701091609589041,0.00869159735812133,0.9986353357066168,0.9973321999955083,0.9725016477328486,1,49,283
1.7692880085772404,0.6707106394075921,-0.5021774896600741,3.3122901867363517,-0.4331470142248149,0.21069321432998844,0.14754311399217218,0.010266328277886497,0.9981181989549773,0.9960976618826517,0.9686298312173617,1,49,284
2.0803577408464196,0.4316824399139777,0.11079273371777437,2.9981595974465707,-1.9304038164137172,4.06791280840962,0.15732784980430525,0.008301736790606652,0.9989033867997973,0.9975462961228821,0.9633683980222856,1,49,285
1.0893194098056722,0.40880458010704823,-0.1979645457444666,1.8279738607843854,-0.7293913334823676,-0.18506142752250865,0.16847327544031312,0.011978657045009784,0.9975202293531983,0.9907705225941142,0.9871542913735308,1,49,286
1.249865434468492,0.3293719384106023,-0.43757065686686764,1.857776639388898,-1.204405317087225,2.646799816905161,0.2930299045988257,0.016496453033268098,0.9972020900643848,0.9864543199855268,0.9870232205624874,1,49,287
1.286541106329339,0.38574616746079654,-0.25301133917821306,2.0320402366586805,-1.110672696684789,1.8116921321129622,0.20333904109589032,0.014203155577299408,0.9973648868121774,0.9852673362147026,0.9868632070439981,1,49,288
1.290102430310482,0.3251878722756607,-0.3263844063355063,1.869726369699031,-1.0554075375569145,1.9198114091517127,0.23591150929549898,0.01370627446183953,0.9977283760937166,0.9890750864483839,0.9853280841620973,1,49,289
1.944461621965077,0.45275964097238613,-0.2109086341249721,2.7569095375344554,-1.533793278624169,2.7519230926344402,0.22132613747553814,0.018247003424657533,0.9961416322482083,0.9862441443445935,0.9894696551973324,1,49,29
1.2631919809626708,0.3936672320181269,-0.2757139331199766,2.562689141961959,-0.43920262892604217,0.23009993474678447,0.21050177348336593,0.02428602005870841,0.993662205854466,0.979342164473056,0.992748657531152,1,49,290
1.377865434377683,0.37933400785150634,-0.08417973121819747,2.2328932014909197,-0.31131192829429744,0.31053057694669484,0.4104696673189824,0.03553082191780822,0.9916624392349891,0.9738827789059843,0.9918078870086716,1,49,291
1.4554756163223987,0.6567603485353827,-0.9320510018424721,2.886877400788611,-1.0681531276916434,1.4668859333096425,0.4770746697651662,0.04495627446183952,0.9895811746628287,0.9742003460776728,0.991158779400134,1,49,292
1.5494179748083572,0.6375960143890178,-0.2728209511679254,3.105209058828146,-0.5622279917422627,-0.25336427018080565,0.3890732020547944,0.03506451810176124,0.9914998721445194,0.9803404449632235,0.9907665946834406,1,49,293
1.968266531964445,0.5985095246024987,0.1479896176883554,3.1275583241106375,-0.8921160061102369,-0.23579020884102997,0.2639432485322897,0.019263698630136987,0.9957272833419365,0.9890011223984926,0.9891659717734208,1,49,294
2.048081342048568,0.3440893565073623,0.2655485796707573,2.675778578946578,-1.7329104872644878,4.343773983719808,0.32785744863013694,0.021793970156555764,0.9958390674774663,0.985373349678017,0.988877775573901,1,49,295
1.9210513597346512,0.5894514342036125,0.19576392355529496,2.795839763037208,-0.8062223442875203,-0.1433323951151828,0.2805543664383561,0.023376345401174163,0.9945763917395587,0.9858440609451944,0.9896084433458924,1,49,296
1.3832969164937583,0.29670684688239524,0.5602155686845128,2.2610831061914642,0.23990811342430815,0.4650805919271894,0.20027366682974557,0.01148942025440313,0.9981905982948619,0.995918090565022,0.9661658067883832,1,49,297
1.206294705236094,0.5150798142485792,0.19603512256515104,2.7715142529923744,0.3413793802222881,-0.3600974744162446,0.1392031555772994,0.008936215753424657,0.9983870466778838,0.9958606961475742,0.9732164576838999,1,49,298
1.699500429501332,0.40531716800783857,0.13739946484900092,2.8329350409367695,-0.1760857475289643,-0.3232392214358093,0.48315190802348335,0.030110995596868882,0.9935705736422397,0.9770958885400882,0.9865869149571939,1,49,299
1.6151508208623104,0.4428497545436376,-0.6237946114576449,2.5289163182241134,-1.1877908993031803,2.1040502167363275,0.4296569227005869,0.05317392367906065,0.9851039393080435,0.9593641339529088,0.9917981201608838,1,49,3
1.9196489028346921,0.4814512741665442,-0.3483657814282633,2.850364120763761,-1.205058916721838,2.008177378364657,0.2808448507827788,0.022229696673189817,0.9955153917689387,0.9830536864970386,0.9888945200827765,1,49,30
1.511602851407564,0.3548781200575091,-0.7321975664673541,2.8749458943218613,-0.7903500180413586,3.09636187279151,0.4369954745596869,0.04938998287671234,0.9865729241123317,0.9547767979394934,0.9934767641531344,1,49,300
1.5082538863604615,0.3457993636350791,-0.12045710274951153,2.4725252475868222,-0.6354340287660252,1.407980103533915,0.46988136007827785,0.05042196673189824,0.9865412466026524,0.9550053721627868,0.9931402982930063,1,49,301
1.4628904191150538,0.3618728258080041,0.1246747940283719,2.3154875676480184,-0.6571035565277317,0.7411193493309702,0.527313172700587,0.045628975048923666,0.988583405567997,0.9579425707321602,0.9909046871074375,1,49,302
1.4870748160276515,0.371828628648218,0.0471472657615533,2.5742667391093215,-0.7066176906516071,0.7822414548729975,0.31473978718199613,0.031670437866927595,0.9921269721871934,0.9660514456181913,0.9900016865332832,1,49,303
1.447171163137962,0.3242220762875521,-0.34384166279844364,2.419820862003511,-1.0173371305254033,3.317150253189647,0.42338857632093946,0.03799993884540118,0.9907550153679705,0.9646923243022215,0.9881757795738404,1,49,304
1.3178561457932356,0.33454905397803825,-0.39294761585005933,2.3212945816377504,-0.7078222855942783,1.1541280043359894,0.49778314579256355,0.051767367906066536,0.9859706978072079,0.9548838280483527,0.9906473367228724,1,49,305
1.3093782787793034,0.5279242919504769,-0.7981699173052269,2.38495547186648,-0.9737942347879153,0.8311477913903382,0.6540331457925636,0.06787396037181996,0.9819330097630569,0.9520473699401634,0.9889317026763115,1,49,306
1.3282565278275074,0.4600675481166141,-0.475476849919142,2.4807609208424024,-0.7083228278878861,0.7768485984916489,0.433693126223092,0.05253944471624266,0.9855694112098362,0.954476911524245,0.9908896445459008,1,49,307
1.375643119120875,0.5819386223870021,-0.8320785810513138,2.7656770606451917,-0.5483679230189191,0.27272983252040683,0.41344330968688825,0.05258531066536201,0.9861217443991249,0.9631727631550067,0.9898606864539585,1,49,308
1.5497778509255637,0.7020135772066298,-0.4463089598863071,2.699389353216027,-0.891163835194241,0.07044029036775878,0.34496544765166337,0.040958292563600784,0.9901356518213105,0.9787778917530873,0.9879767414515567,1,49,309
1.9194803936394609,0.5644473527360562,-0.05768729836034754,2.865017927399072,-1.0233588199778136,0.8224914755031651,0.24404507093933467,0.02505045254403131,0.9940674792092133,0.9826353834045951,0.9911030695636188,1,49,31
1.7169299400603335,0.6001609181559246,-0.4159425157617874,2.6139674184937,-1.0297030730110661,0.21499045061825228,0.35229635518590996,0.02907136741682974,0.9939269013032522,0.9864979601935097,0.9835772970942436,1,49,310
1.4484655662987418,0.34712814525073116,0.23141708389480276,2.118941280928518,-1.100402493781814,0.9339470824601546,0.23711166829745595,0.02400318003913894,0.9936608260589324,0.9763432503926515,0.9925289366811634,1,49,311
1.522451889328845,0.30537824589733276,-0.20017450204043238,2.2955720418484566,-1.8385426012958968,4.976163116578201,0.3225752201565557,0.02751192514677103,0.9933976930375572,0.9752890884843348,0.9911514239886077,1,49,312
1.5230631990094974,0.3863266998722689,-0.33018241718882657,2.243030617355335,-1.4389348882831872,2.0211433593304378,0.2492814334637964,0.02587603962818003,0.9932962567410616,0.9780535725273729,0.9924819100026209,1,49,313
1.6127335456913876,0.5175293518849684,-0.1356470182024735,2.7452728446622214,-0.821122519283652,-0.1384967423782948,0.2348871697651663,0.026992111056751467,0.9930967820268504,0.98193517873047,0.9925558816944537,1,49,314
1.4818288662320749,0.5481653098444632,-0.05422197328103855,2.3292213809012368,-0.7935614905464283,-0.0181151505915369,0.05515380381604695,0.005351027397260273,0.9989327698752669,0.998127157304951,0.9760058472803433,1,49,315
2.060707060391771,0.8257526150789034,-0.508704373633263,4.272526258900463,-0.3163211331548684,0.1638534827207616,0.3097174657534246,0.029942820450097846,0.9928909743610024,0.9857325749677653,0.9870551692169269,1,49,316
2.136332138439269,0.8160567526857605,-0.6046618539442796,4.14973496022704,-0.8113796382941665,0.6798204005304824,0.2248654598825831,0.029155454990215254,0.9926657817845252,0.985021928538947,0.9898365827558021,1,49,317
2.003746844747089,0.5257671074217739,-0.15837720498698296,3.1034550632842337,-1.0331541878905375,1.86064594550185,0.19539658757338554,0.01739848336594912,0.9962650253522992,0.9900484418508766,0.9881690773236225,1,49,318
1.778870239995487,0.4759740678982511,-0.6188789698677399,2.746932614370099,-2.542697819285492,8.208802477480845,0.2406892123287671,0.016840447651663402,0.9966198146448115,0.990721312382071,0.9836025743203797,1,49,319
2.204185186480202,0.7798738516172932,-0.40266169268363766,3.619574557432901,-1.147027782653573,0.9190659933483745,0.4327146526418785,0.03105124755381604,0.9942034189592114,0.9886334562133551,0.9845006823340557,1,49,32
1.8836794967978157,0.4052243745121473,0.25673001439519405,2.6943265912047543,-1.5211819861015186,2.641889408104525,0.16622584393346373,0.010862585616438353,0.9979146483663281,0.9946226492279082,0.9858940091656558,1,49,320
1.9924304416337544,0.4835841165475885,0.28820660460530784,3.06499812272193,-1.5568591177367652,2.6074446813770784,0.19702482876712335,0.014470706947162428,0.9969913742711596,0.9925321107199719,0.9887377310213933,1,49,321
1.7729775479929097,0.45790524036086167,-0.1193625557601188,3.3731127286976306,-0.636436953862196,0.6542013626353169,0.29504800636007816,0.02361331947162426,0.995190894619158,0.9866435226455386,0.9830511907650684,1,49,322
1.6604334863905275,0.447324813843414,-0.44166199547486196,2.5539811246759063,-1.3540713988847828,2.746539647040339,0.2878011863992172,0.019554182974559683,0.9963718986414485,0.9910378549323038,0.9782176073282427,1,49,323
1.8096207898894066,0.43906708437218356,0.11904370163456741,2.9453812179527583,-1.0062738422999644,1.4196745536675346,0.2569639799412916,0.01909552348336595,0.9964104062007995,0.9917524155934535,0.9814631146398447,1,49,324
1.9418433600734712,0.5378540620759199,0.18593586799250264,3.107102490697003,-0.8432116027088513,0.13216996610766518,0.2663359222113502,0.021037181996086098,0.9961121907277721,0.9919700583110974,0.9842180757706458,1,49,325
1.1514976950244473,0.5347725450977613,-0.5596692266964167,2.307660618594906,-0.1861874723330091,-0.7165391592443311,0.2268376956947162,0.0310130259295499,0.9910286234243135,0.9754463137528886,0.9910621976647555,1,49,326
1.4175215584444505,0.5873526862398696,-0.348145948604193,3.0072207335128813,-0.061812256903597484,0.19644182668221655,0.28400195694716235,0.039337695694716235,0.988657782557353,0.971949787666838,0.9923426714335046,1,49,327
1.3689118035026717,0.5103185536612266,-0.2054530756526323,2.7590228087910633,-0.29393085404642194,-0.18295314547242825,0.30915178571428575,0.04397780088062622,0.9874756785342244,0.9717165147854981,0.9917238996041998,1,49,328
1.3423103150634959,0.5814765111469394,-0.1578438042801551,3.093412092553447,-0.17614969070615769,-0.43209735278674444,0.2904231898238746,0.0448186766144814,0.987182764105653,0.9720634200968504,0.9922508782862586,1,49,329
2.0120163398039668,0.6232002889389988,-0.0222830821848958,3.1952457801281664,-0.3501971577325751,-0.4963098372342851,0.28408604452054786,0.02380442759295498,0.9951617260765306,0.9913965497699024,0.9819768175636315,1,49,33
1.3740986666812602,0.5081687537245055,-0.36561213047164254,3.1294402825668546,-0.34089500947511087,0.03411195841333825,0.28465936888454,0.04171508072407044,0.9878994879444472,0.9725533715174264,0.9922969241796793,1,49,330
1.33910971265658,0.4302629423624883,-0.026587546440649482,2.588121809958195,-0.16989394290671198,-0.2161464083297857,0.2230996208414873,0.02658696183953033,0.9928603033580593,0.9801279472178471,0.990720002404566,1,49,331
1.906660957842369,0.8570457000874252,-0.674557413297356,3.639340909648099,-1.1274260608861961,0.5394547281283888,0.3164903375733855,0.027832986790606654,0.9942748929982358,0.9888322218752866,0.9873230281169628,1,49,332
2.2125282546809837,0.6135370362406595,-0.0927099370823951,3.101732173058076,-1.2521485122153149,1.2314577797271777,0.21022657778864967,0.012544337084148725,0.99793398752852,0.9955014686099339,0.9799211277488197,1,49,333
1.833319048689545,0.47832287312989064,-1.729240733875807e-05,2.5914902379348166,-1.258994499810731,1.356471025679407,0.14812408268101762,0.010350415851272016,0.9979910544484946,0.9946989861366766,0.98608683953069,1,49,334
1.5566935855388164,0.549316788313736,-0.15851174691507494,2.382497840921262,-0.8570836408593552,-0.07560564852489327,0.17107999021526415,0.012276785714285714,0.9975847744897284,0.9933077789236547,0.9853362911717947,1,49,335
1.8852960091725153,0.5525116029977806,0.2225035103052833,3.065168313109708,-0.9273079225165521,0.568970225747385,0.26418786692759294,0.025853106653620353,0.9937178958802396,0.9827765915317237,0.9914322405928743,1,49,336
1.8824054733537814,0.4754290824264968,0.1703621810046278,2.9884121199638867,-1.2069028793377798,1.709778342235917,0.41421538649706446,0.028987279843444222,0.9937712409095274,0.9817688563834309,0.9885819767399138,1,49,337
1.9079749408066384,0.5410222581504257,0.188845412471151,3.19572552524135,-0.9102446344118836,0.3114361969109227,0.22393285225048914,0.025386802837573375,0.9936677725680854,0.9839992366083021,0.9910187367438917,1,49,338
1.7464310116983268,0.6122548766470621,0.1958260532654264,2.960121046276861,-0.22288737964658248,-0.9357575823729141,0.2515135763209393,0.018690374266144817,0.9961512378319761,0.9900361695681531,0.9851149384424828,1,49,339
1.2606411132152988,0.41519202364166463,-0.09844769158395975,2.575820772823249,-0.852151708287984,1.14172021942335,0.10955846379647746,0.006016083659491191,0.9992835418024205,0.9984405862435497,0.908605509311703,1,49,34
1.7063417904497853,0.4638297450051922,0.2870975830406821,2.5913067622598445,-1.1737418548287735,1.0340325286502399,0.10329776174168294,0.00580968688845401,0.9993032602231428,0.9988495406822151,0.9441072875773838,1,49,340
1.5394692183236252,0.7059470772988514,-0.5334149732396115,3.368813985008649,-0.6912882513612215,-0.2849835365058242,0.1733885763209393,0.021992722602739722,0.9940574557499869,0.9840377644829919,0.9904078272861495,1,49,341
1.6609422212020306,0.476114700572678,-0.14287566916505584,2.8024411115426187,-1.2164174466504418,1.4127359385081677,0.36412212573385516,0.029002568493150683,0.9934423253761498,0.9804473387348566,0.9882341124888094,1,49,342
1.4698870325611941,0.6303622786133228,-0.07990891532936449,3.0009838730559317,-0.6368543380977724,-0.760520381505092,0.4800559564579257,0.038978412426614484,0.9915480685219444,0.9779957731700936,0.9863552169572575,1,49,343
1.4817608070160535,0.4659614509617029,0.08478124144976837,2.8132999871493114,-0.5283884566871608,-0.24464681845432734,0.32083231409001955,0.027871208414872797,0.9932308472494741,0.9805064943641497,0.9889929848889127,1,49,344
1.3393103766871164,0.8494912761114947,-0.9356579547860715,3.3357001863469913,-0.5952365707613461,-0.478307441622309,0.364420254403131,0.04711197407045009,0.98937653390256,0.9804085867890463,0.9902659124090395,1,49,345
1.588207271029479,0.6514566184093019,-1.0439152192511836,3.5060086251909235,-1.175083898301541,1.7437880844159466,0.3597801492172211,0.04136344178082192,0.9907891171409028,0.980242081384174,0.9909780705506306,1,49,346
1.6007259009695707,0.5872030190801891,-0.5863849924660266,3.2206349044428104,-1.1052275655960793,1.070680068067265,0.41144814090019566,0.038198691291585124,0.9913957606447714,0.9808117527155658,0.9868850408283988,1,49,347
1.642824647226916,0.6292152568186723,-0.35197286753245893,3.926252707569255,-0.14644188044245804,0.5075941810961959,0.34693768346379644,0.03040912426614481,0.9941545766830178,0.9901391521723557,0.9812422367890592,1,49,348
1.728523517691169,0.36092640643644663,0.655898984547739,2.2314403230730777,-1.0359216186984694,-0.09290924720217797,0.16025562622309197,0.009777091487279843,0.9982751975565626,0.9949399626411713,0.9844837064990161,1,49,349
2.6526072001956207,0.6961256487421706,0.12576541004552666,3.6428255635812543,-1.0369903151252209,0.9133009325415156,0.1617386252446183,0.009524828767123284,0.9987026009611512,0.9981195091710913,0.9579176918480133,1,49,35
1.6266939642807763,0.3506431295724587,0.189987205295396,2.5699173425655415,-1.173405656326136,2.1510268913636743,0.19695602984344418,0.013262903620352247,0.9975307439993444,0.9921734446618534,0.9851286062701534,1,49,350
1.4984096721680231,0.4142016176468907,-0.292835968381095,2.3815460412281415,-1.70369240218392,3.746764034775378,0.24523758561643827,0.01823171477495107,0.9965417761730664,0.9914851221160618,0.9851680540897935,1,49,351
1.4680654138720834,0.4028854616010439,-0.5275148655044032,2.3299119362248355,-1.7827786137208903,3.6180446645820945,0.2940542441291585,0.017421416340508804,0.9971609429726492,0.9926469391909475,0.9795927063524319,1,49,352
1.416299849716729,0.32219173288709174,0.36036363212466616,2.2751798241572927,-1.241383434036283,1.349728722674814,0.14534919275929545,0.009318431996086105,0.9983877121927043,0.994668925591686,0.9795300181068779,1,49,353
1.392935728088423,0.2849844148371686,-0.21592492998336751,2.4477998472753173,-0.8016592298591368,2.9812152432359733,0.24745443982387472,0.020234527886497065,0.9955958325035749,0.9844877928462764,0.9885997753670184,1,49,354
1.3489033206361078,0.29075932944749466,-0.09349188668341604,2.2771682168531426,-1.0728881415691551,1.5143507756455676,0.24084209882583166,0.02291768590998043,0.9945365236079858,0.9798169895238674,0.990143428206948,1,49,355
1.2965025062398081,0.33472242113406303,-0.12385554775990594,2.6077350158622368,-0.9569160631309324,1.7173625894645967,0.2009769447162426,0.02086900684931507,0.9946893473988954,0.9832069889699274,0.9886406198403147,1,49,356
1.9971484797611445,0.598641261952266,-0.03280747112745054,3.105335602502092,-0.2071612952460211,-0.7863916381836482,0.2245367539138943,0.014906433463796477,0.9971015622461437,0.993292405670863,0.9810596200878826,1,49,357
2.0403073006526524,0.574348929353117,-0.31311366175865013,3.374584363550718,-1.0091382616801168,1.71604382237767,0.2665728962818003,0.021113625244618392,0.9953524236782064,0.9884350899236902,0.9880109589486786,1,49,358
1.7769979398718752,0.5561570060386811,-0.6133606407580007,3.1193733915141215,-1.0081097860341137,2.59688435918099,0.2612065802348336,0.022894752935420735,0.9947581721785205,0.9842402511110123,0.9887165855606597,1,49,359
1.8723165350612838,0.7887603621604423,-0.891934877536046,3.1887101885139706,-1.364183482700124,1.4018990817717816,0.18037548923679053,0.01843811154598825,0.9960069931502743,0.9921343123599864,0.9894899511560608,1,49,36
1.722258666678621,0.4872473471304619,-0.6138321176197228,2.9213507033822332,-1.200250351805771,3.235669402120002,0.20667196673189817,0.021832191780821915,0.9946908169121732,0.9828653007067857,0.9917114899669129,1,49,360
1.6813152553282682,0.5886379871513587,-0.5983437247604688,2.995480950271395,-1.1005752951771082,1.8608691958443444,0.1408619740704501,0.01901143590998043,0.9948316736964781,0.9853175956177501,0.992634593383845,1,49,361
1.6702835196507746,0.5645088370317405,0.09309144600862715,3.667699803129084,0.46496701400075346,0.16384983618572058,0.3567835738747553,0.026434075342465745,0.994219572292485,0.9880869007952048,0.9834382372150491,1,49,362
1.515810392700332,0.7125776508794148,0.16858271722466261,3.631479484364751,0.9214135983650161,0.438622876999716,0.5204791462818003,0.03381849315068492,0.9930513422394298,0.9847925405297686,0.9809558995002111,1,49,363
1.3409670180023818,0.5753518332738183,-0.10527102905957483,3.9925348862272347,0.9433368788356636,2.2296166620082554,0.4063187989236789,0.037029109589041084,0.9914808469415771,0.9820067064777968,0.9838557771139343,1,49,364
1.469652049872687,0.5847800444272993,-0.08226203371790872,3.5471437540232076,0.7178786067753655,1.047107564775967,0.39919428816046965,0.036425207925636006,0.9917981016744711,0.9839364831842861,0.9859949493108404,1,49,365
1.6206516070180719,0.4038501492890046,0.4190286016252279,2.362737304239642,-0.6782375432156965,-0.0995193928121596,0.1546523361056751,0.011604085127201562,0.997825650850389,0.9935028787110334,0.9792267141594188,1,49,366
1.8000091484505027,0.3408374174917896,0.03167103574941545,2.336027808862711,-1.630933088129714,3.8152360563911305,0.18678143346379641,0.01424137720156555,0.9973854260184938,0.991585171089698,0.9835491947915023,1,49,367
1.8150624402826985,0.39558772431953837,-0.18230019694312366,2.4683024737778116,-1.7289245765597068,3.5069732512946663,0.17036142367906057,0.014310176125244612,0.9972359813516586,0.9905805116158264,0.9864183806628204,1,49,368
1.6961216236493621,0.41843347740498193,0.2109581992959304,2.2782942837188225,-0.6700146360462433,-0.19477775377607198,0.16135640900195689,0.012093321917808215,0.9976383239360596,0.993132185523958,0.980912062273435,1,49,369
2.024330775789489,0.7200537111852439,-0.8577935355933435,3.0049796545465153,-1.7181129865610216,2.6382899115830556,0.20438631360078272,0.019882888943248526,0.9956980286876614,0.9898722663261245,0.9918226468179447,1,49,37
1.5778398103690094,0.5366133341936383,-0.8588967211118618,2.3261429302908665,-1.5662424760603453,2.3856452746256345,0.1463429549902153,0.010755565068493154,0.9979223028096867,0.995348648147175,0.9840333141667985,1,49,370
1.6086520966882318,0.47960773415873476,-0.31962707657366213,2.4246324281514973,-1.4288229151621328,2.4047010489242098,0.1970783390410959,0.013622186888454011,0.9973739412939304,0.9930823852004566,0.9817927512788455,1,49,371
1.3901270577816833,0.2780487865692452,0.1930429518920385,2.0847875143194448,-0.4377749492000786,1.1226526315519054,0.33748165362035226,0.02648758561643836,0.9941998661460968,0.9801634154764028,0.9858314019309674,1,49,372
1.3438066088257257,0.3175835004056196,-0.06315833070043465,3.240180030434158,-0.35728166253162397,1.5520335147554913,0.39490582191780804,0.03835922211350292,0.9902528380707561,0.9666692880594732,0.9907756010260116,1,49,373
1.2885496537985541,0.28236446419884403,-0.4084439220223567,1.8920143294763636,-1.0445950175773013,3.6708350728890187,0.3560955846379647,0.03353565313111545,0.9916035615809399,0.961599836788892,0.9918238344675101,1,49,374
1.1946268964460072,0.28180414506298546,-0.45071910777912777,2.0522899032575888,-1.0223631537745572,4.180277434263796,0.3494068003913894,0.03511802837573384,0.990713494096432,0.9570252900473465,0.9924517652150049,1,49,375
1.1465706418034334,0.29648528210168174,-0.229032871022449,2.214451538995524,-0.3903354987134719,1.0768823480656549,0.31174321183953024,0.03625703277886497,0.9899215741876795,0.9525154780418942,0.9927423123945782,1,49,376
1.126164620652772,0.34148110054325087,-0.4979226663258188,2.1721056915554118,-1.521886017487496,4.062217809708754,0.27794000733855184,0.03400960127201566,0.9903380414523334,0.954596818825652,0.9918661436590758,1,49,377
1.1531615462727867,0.3126589687426837,-0.3197226533407104,2.104366284577402,-0.6525649303020046,0.4248619616420921,0.3044199486301369,0.03137230919765166,0.9917183214198484,0.9651636175106022,0.9900069266078555,1,49,378
1.556514570952181,0.6174368020166707,-0.03476240710909416,2.7468906833637394,-0.6448386616214833,-0.8984868894506408,0.19206366193737767,0.018759173189823876,0.9954368265951917,0.9865746809990016,0.988210032855231,1,49,379
2.1427974885655465,0.697935171520786,-0.7027755416226303,3.100029426824631,-1.8814722483486759,2.7935057950743314,0.27381971624266144,0.025096318493150686,0.9947850342080632,0.9874694829026142,0.9907348454610045,1,49,38
1.758801119295493,0.5130563438145492,-0.24939973238244892,3.045529430999872,-1.3848108893360658,2.153934625366529,0.3046875,0.024989297945205477,0.9943665729370218,0.985844842642329,0.9898330996457455,1,49,380
1.905454644484603,0.4805506813087342,0.13766835913573927,3.6866486358284902,-0.68077992801026,2.7682325017596687,0.2632705479452054,0.019286631604696666,0.9963071337545865,0.9904459661347258,0.9877524129958616,1,49,381
1.3739630101442026,0.2870033962221162,0.4185412561422888,3.0255796146121847,0.2786166205879974,2.8076181931166166,0.33187071917808214,0.021090692270058706,0.9959883941449185,0.9855796483294506,0.9829620892861148,1,49,382
1.3879296150356748,0.2668109922733275,0.12117571967714529,2.148115365926103,-1.3718642684548228,3.0621693956846174,0.3307699363992172,0.02839866682974559,0.9937719239990357,0.9751897714713791,0.9899590834153057,1,49,383
1.3135196620707348,0.2545211633289851,0.10286018356846681,2.6776921974544985,-0.815804563632677,2.9570866144850187,0.31887536692759294,0.028345156555772993,0.9937920573542673,0.9693676113817387,0.9904700417071792,1,49,384
1.212133660143795,0.25761211243288723,-0.0750324230413757,2.07818851537262,-0.8511443858430233,1.9009997994742909,0.35897749510763216,0.03151755136986301,0.9926452459212608,0.9637998462549049,0.9904151803467187,1,49,385
1.227973665056555,0.2945356937689575,0.015456908160871495,3.287263795301709,-0.16704557842704998,2.2450391850239493,0.30007797211350284,0.03176216976516633,0.9919395895602,0.9629598790305016,0.9911273157562781,1,49,386
1.2771399333563664,0.27174036768525867,-0.17303481545167418,3.3766227213812807,-0.5306944529959697,5.8673851375624455,0.3721792441291585,0.032580112524461836,0.9925184813454224,0.9643371342200292,0.9899869799618123,1,49,387
1.3517624284407577,0.22148775274745558,-0.12090005930027041,2.8229379834326345,-0.18639653646063795,3.2870929252032512,0.38108488258317014,0.030317392367906055,0.9935340141163881,0.9673959926739886,0.98938623233261,1,49,388
1.39118276254948,0.2992077652804829,-0.44917856931832906,2.3037692500813542,-0.8374815544115697,1.4955863256658697,0.35329011741682964,0.028658573874755372,0.9937794938421283,0.9724332301265604,0.9888584541410217,1,49,389
2.163655426462091,0.5389079540489053,-0.27854348082203856,3.123625641073262,-2.6617529301009553,6.866821685138586,0.31328736545988245,0.023942025440313104,0.9953757964036719,0.9868259018328259,0.9886488947015141,1,49,39
2.055128714279193,0.5439593173625931,0.41673724631203807,3.631249978502225,-0.31203681329987265,-0.408371279481484,0.1998302959882583,0.011512353228962817,0.9979829032661037,0.9949740552754541,0.9746538319456974,1,49,390
2.3366952533269183,0.40605434978620986,-0.32269642977417295,3.9487799815988067,-3.082480515282682,12.25511745399246,0.33173312133072397,0.01690160225048923,0.9974216932700508,0.9895061195980192,0.9859025311807115,1,49,391
2.2602364078159356,0.6139492802838674,0.4866277302560749,4.256003147419146,-0.7061545004604437,0.37693485145458183,0.2497477372798434,0.014409552348336595,0.997692417230948,0.994461976156258,0.976043091713961,1,49,392
1.7509643457614832,0.5081226957769528,0.543238270706445,2.742583922777869,-0.22140229107334347,-0.7749366796415602,0.05683555528375733,0.004357265166340509,0.9992560813553022,0.9985323022761596,0.9670255005028197,1,49,393
1.4148756608227353,0.38866183463870296,0.1289400490110891,1.988330747559543,-0.8350497091951965,0.04163183269616777,0.07414230675146771,0.004968811154598825,0.999236236237786,0.9984673360137245,0.9567398360374002,1,49,394
1.6398401494626391,0.5424377428912862,-0.4174537088460675,4.451930332666775,-0.6565384318055046,2.384486821310368,0.38359986545988245,0.029300697162426604,0.9937389672706267,0.985539222296583,0.9855028389939192,1,49,395
1.5490087764664278,0.43457484680866404,-0.457227608126895,3.209496313141525,-1.474424393027665,3.314080793005493,0.8921232876712328,0.04862555039138944,0.9912038351891195,0.9756947849031724,0.9813318091639837,1,49,396
1.6154224980351635,0.3633365474672508,-0.47558215200593157,2.506861171265486,-1.9475551262167852,5.3855456411352804,0.5227800880626222,0.04025501467710371,0.9910465100013665,0.9748559156127857,0.989539264659628,1,49,397
1.7017515906219471,0.39395454930438817,-0.7827777211187296,2.6444409268643017,-1.8147536035499774,3.8643963920915736,0.36549810420743634,0.031746881115459875,0.993186680401087,0.9788590031905797,0.9884876107306024,1,49,398
1.595249094259681,0.35131728176555105,0.017623984334755833,2.451832471749826,-0.7870470386753131,1.550122000445553,0.25057332436399216,0.026755136986301366,0.9932514192083062,0.9724940414036195,0.9915060536020115,1,49,399
1.7245416670774159,0.463908811414202,-0.06047778060009991,2.894094375955618,-0.7278763377107395,0.6470794217912568,0.37302011986301364,0.046959087573385516,0.9866007580176823,0.9655582048568937,0.9901287673554646,1,49,4
2.3132370544228453,0.46186349974463503,-0.1462554276335269,2.938732877592036,-2.518560783877344,6.365335873684906,0.30492447407045004,0.02093780577299413,0.9961816394956226,0.9885990572219654,0.9868892514930981,1,49,40
1.5541987510929605,0.31401644239701754,-0.10106896725369648,2.5921222424302006,-0.32665140803787485,2.9108899744997245,0.36419856898238734,0.030898361056751457,0.9927882562360842,0.9670075550931132,0.9899727895775935,1,49,400
1.5035640629550513,0.3354848864836951,-0.6995319329517905,2.7458791337202513,-0.29252657532167414,3.023096679658882,0.4967893835616437,0.03837451076320938,0.9911547776499202,0.9647269946631246,0.9898745421305929,1,49,401
1.4358945301577752,0.3313850130113378,-0.5643838804502318,2.471479453263791,0.010945192015582214,2.827339872684653,0.47611148483365934,0.037082619863013686,0.9914205469365371,0.9638681477083535,0.9903173061600469,1,49,402
1.39457813420191,0.3355570089130162,-0.2541466450152031,2.2541309366511153,-0.06692953642743159,1.0739523789508763,0.2693936521526419,0.029545315557729938,0.9920649943952186,0.9668939861407255,0.9927507468686194,1,49,403
1.4163426777778882,0.3004392344356286,0.5568337516211995,2.0364067356692606,-0.37272982180437875,-0.7423919194038806,0.19255289872798428,0.01793358610567514,0.995580600897118,0.9802321522401914,0.9908796699111717,1,49,404
1.645378666102959,0.49776075922837837,-0.26295252812478714,2.4898459605695176,-1.3446582863305043,1.675695890158389,0.23609497309197644,0.02395731409001956,0.9942128485456885,0.9809628924750415,0.9921515392441336,1,57,405
1.6720337374240328,0.4287222439689134,-0.27214515171282894,2.647376404755036,-1.0652240112504348,1.7761654439818049,0.2920820083170253,0.02349865459882582,0.9949344244585365,0.9817470513045002,0.9899609512303533,1,57,406
1.698444728068497,0.5120065990314595,-0.07411399782586794,2.484914573326092,-1.2274129883989093,0.918579641512173,0.20015135763209393,0.01857570939334638,0.9957321948269258,0.9863763916259393,0.9910319415687989,1,57,407
1.6418705649111636,0.5906078574007128,-0.047377071835042445,2.592738704376974,-0.8792860404265676,-0.21713599282865248,0.16009509540117417,0.018438111545988258,0.9951626115633866,0.9861199078665206,0.9928788742838762,1,57,408
1.6619318089579485,0.45845274424994686,-0.24219886109670266,2.383713356075818,-1.4937621271199193,2.4551261903548403,0.20054121819960852,0.022290851272015647,0.9945342122864581,0.9815713555301333,0.9927879580462878,1,57,409
2.221793490327608,0.7055346158629422,-0.41768406290410987,3.323185134927591,-1.3738503439329208,1.033917473955066,0.18666676859099798,0.0179488747553816,0.9959485804564642,0.9905146408665016,0.9888191212646172,1,49,41
1.6517855289934715,0.46235986343120805,-0.15266095107701005,2.556796230133911,-1.2165955182925816,2.2255357045314668,0.2992982509784736,0.027297884050880628,0.9935756242456828,0.9806265414842441,0.9908119544278755,1,57,410
1.6927549417976318,0.4536105937737868,-0.19003069168754355,2.6350383646801263,-1.4814368113087961,2.980479640748877,0.2594713184931507,0.02236729452054794,0.994932327316367,0.9831714170415347,0.9897725893936908,1,57,411
1.8140440901910182,0.4792277275805469,-0.013161033291670678,2.4414172926110247,-1.7343355455964071,2.6819547223528444,0.26589255136986295,0.01935543052837573,0.996088682617733,0.9872863587178179,0.989358465338571,1,57,412
1.7050066564249218,0.5417673366882279,-0.2793555627370111,2.4491900276353786,-1.198396697883995,0.6705146830066449,0.15703736545988256,0.011963368395303327,0.9975608421272234,0.9933767591129361,0.985389456142018,1,57,413
2.287808734104358,0.5659358486588346,-0.10524029250541833,3.324181899964617,-1.5605697249967678,2.623065705646062,0.2046232876712328,0.014103779354207431,0.9974789104388041,0.994519272755782,0.9856719149937292,1,57,414
2.509964416713374,0.6019499930315254,-0.23736013297384279,3.8836867533122947,-1.4719563705213676,2.672137567759293,0.18921997309197647,0.014921722113502931,0.9970998583224169,0.9941026618344648,0.9880444634643474,1,57,415
2.4771951102124965,0.6540476812246971,-0.11935969763866693,3.8658766141393097,-1.6997801480307486,3.028573730962189,0.23883164138943241,0.013996758806262229,0.9975841745447935,0.9946797664666098,0.9837823236088443,1,57,416
2.3852749337703427,0.8425175255691224,-0.5391773264443306,3.797810039381664,-1.244351181811258,0.832997527596623,0.18306629158512713,0.012834821428571425,0.9976239521020347,0.9956045940159273,0.9842025387835738,1,57,417
1.7845592550875014,0.42711026856885165,0.2068366936551587,2.621760953004511,-0.5781578055306236,-0.35771853508598017,0.29894661203522505,0.024339530332681013,0.9941917807549916,0.9829558599550287,0.9915299485770703,1,57,418
1.8118106879751166,0.37379499813169204,0.3883911307439015,2.7782459996342617,-1.2444772410923128,1.887161473637157,0.4361622431506849,0.031196489726027395,0.9930835576743623,0.9774954632322453,0.9904642833225016,1,57,419
1.552145704858454,0.8800693025152052,-0.6715814201224745,4.01809587118161,-0.3400245668395318,-0.21115426584616825,0.42545254403131094,0.03985750978473579,0.9912639965931609,0.9846468228660555,0.9854813241623404,1,49,42
1.779777265697607,0.5131055883585588,-0.11451759983543229,2.8347851236431563,-1.1314623772233179,1.0332909659200809,0.32538068737769077,0.034682301859099804,0.9911596890992342,0.9751115329705168,0.9938263810630419,1,57,420
1.9721219850561207,0.7336880430589232,-0.026578655541834927,3.2366944406179408,-0.5598839228938177,-0.7527961608883014,0.29096593688845396,0.03264126712328766,0.991969772090948,0.9827098069291387,0.9931844880079117,1,57,421
2.9655447094034235,0.956847385091516,0.7304149769445905,4.5586586989843045,-0.37947029641098734,-1.0531002686290063,0.24102556262230918,0.01746728228962818,0.9969022230270194,0.994989218794208,0.9874482592865383,1,57,422
1.240419597920007,0.3038896341666268,-0.23012208717248261,1.8038294333397507,-1.1263963320824733,2.0986600553063353,0.2224269202544031,0.021916279354207435,0.9945174870580046,0.9746676785946821,0.9913135691345111,1,57,423
1.2464825339466001,0.3171363319093013,-0.7468418454181314,2.017583246431255,-0.8604757048751075,1.9436327017525512,0.25519049657534243,0.026586961839530326,0.9929322833506745,0.9649772205896682,0.9921433650417528,1,57,424
1.1867764769197366,0.3771186346325496,-0.9457738210770851,1.9235933607255162,-1.484487273710162,4.144378652899958,0.38061093444227,0.033872003424657536,0.9915842058731693,0.9589746879444729,0.9912487364905517,1,57,425
1.1750782833129358,0.383400791524028,-0.7818645475365823,2.457327462456942,-1.3496707583781675,3.8644012658272846,0.43117049902152643,0.03527855919765166,0.9913041625277685,0.9599651267574255,0.9900378669982662,1,57,426
1.194409747759877,0.29608558119024964,-0.6316814486507253,1.9547667389794137,-1.061431135851554,3.5069540154298258,0.40112830234833646,0.0309365826810176,0.992607469485024,0.9647767412444929,0.9898921445831941,1,57,427
1.2773831960964932,0.25204933398315915,-0.687218489895968,1.8998930852238873,-1.9749059522368155,7.996669324461948,0.2277703033268101,0.019607693248532287,0.9955164722499196,0.9750959408300245,0.9900911906053012,1,57,428
1.2837285968529217,0.29255480795536587,0.032345615505814954,1.8235050927957428,-1.4124840183363836,1.8853219768884246,0.15053204500978473,0.014799412915851271,0.9963222986380761,0.9829128440656942,0.991621892042004,1,57,429
1.9798065421782944,0.7309460847611161,-0.36779662591938833,3.7424020296069704,-0.7447655090747557,0.22384346990262172,0.32827024217221124,0.03462879158512719,0.9918086289705024,0.9854267532188105,0.9879295325279657,1,49,43
1.5460287576437892,0.23791929755227162,-0.34840317805003623,2.1770725088065266,-1.7919191925708586,7.057365632948242,0.23322835127201555,0.014287243150684928,0.9975021408361929,0.991425330682473,0.9816107840460426,1,57,430
1.4548731603379617,0.29996645739424277,-0.25156914142423026,1.923564517708752,-1.7015641442568459,3.8611097017310563,0.1441184564579256,0.012353228962818,0.9974853708334872,0.992078189089701,0.9856189984571513,1,57,431
1.8090381041959047,0.2150118448114962,-0.16241682961450038,2.3481044953882972,-1.9166828702472296,13.86058609306431,0.2261420621330724,0.01165759540117417,0.9982113336993722,0.9929573096027646,0.9755857437851821,1,57,432
1.7324487968491762,0.2190770508043995,0.3758252235524795,2.5148364447087594,-0.17818260903428174,2.0821273646565963,0.23530760763209385,0.014203155577299408,0.9973277925642214,0.9900766471633152,0.9796625400565087,1,57,433
1.739742061873287,0.21494530531594117,0.5651527787549124,2.5669566733143183,0.2522864537227632,1.4947769518336944,0.23321306262230918,0.01441719667318982,0.997382150149686,0.9897522038023225,0.9806450053877194,1,57,434
1.7145096650200569,0.251268568298486,0.07067749965071056,2.542322580354793,-0.6247034414694124,4.4225835480557425,0.2633087695694715,0.015166340508806256,0.9973025632914092,0.9903742113860269,0.9797921741584068,1,57,435
1.720551079934212,0.22480954084250884,0.19165130907130448,2.4447342878990983,-1.2218335562484355,6.627229110906251,0.19746055528375728,0.010770853718199608,0.9983257697885858,0.9941798764558776,0.975166597959985,1,57,436
1.5442225442698991,0.41239029063793603,0.1739582326405092,2.199683351719463,-1.0510049446971776,0.36558286844730636,0.10845768101761251,0.008080051369863015,0.9986565981755261,0.9974697843260393,0.9692716112388058,1,57,437
1.1620222412841865,0.44069934569777325,-0.15486474153602126,3.3031943327616182,0.9115859794058663,2.00567522671874,0.2708231409001957,0.03583659491193737,0.9900983735605174,0.9721268701328551,0.9914098197226906,1,57,438
1.1350003805338251,0.38317600334708835,-0.1712538957372278,3.4651577239862386,1.140056786332534,4.277864463425883,0.35776204745596873,0.03855033023483367,0.9899643824128296,0.9673018513445806,0.9901292752299866,1,57,439
1.6316885503094394,0.587899470694502,0.11600497218001737,3.594596522851679,0.12346373903896145,-0.043273308726852644,0.26008286448140894,0.021885702054794516,0.9953117643326866,0.9911022897242598,0.9821422977092071,1,49,44
1.0951707411667153,0.3767514506088212,-0.6170871152116849,3.156945444192843,0.4151987678243056,3.1613477140772988,0.28112769080234834,0.03477403375733855,0.9898931369551225,0.9652424916026299,0.9917975347621644,1,57,440
1.172204510141953,0.3092530103862011,-0.027565510280283506,2.4922224141112963,-0.2710859649960408,1.3634638441173283,0.2059534001956947,0.024729390900195693,0.9928342011798731,0.9730276131065975,0.9910080532569987,1,57,441
1.67671975282674,0.5576997613714778,-0.6899848088585184,3.014740459318925,-1.1217589756349733,1.6163139694047208,0.36026938600782776,0.038030516144814085,0.9906521331709721,0.9776863479035228,0.9907864661030084,1,49,442
1.1216852984607044,0.7134283923813263,-0.5681366265320867,2.7009750711909404,-0.5247334817239367,-0.8610548204708404,0.4185038527397259,0.04938233855185909,0.9865571905968308,0.9634491489641036,0.9913007117694939,1,49,443
1.359623130462106,0.460194906821796,-0.4667201934201213,2.4967679792019477,-0.6903754738066308,0.7302948705389385,0.4005320450097848,0.04436766144814091,0.987930646159506,0.9659936486812137,0.9918734820911188,1,49,444
1.3503356247033564,0.5246871141906975,-0.6621804093402068,2.8651017096254603,-0.2641301727382019,0.3720975882292663,0.3331320327788649,0.04132522015655576,0.988137088054615,0.966022773016883,0.9919831099195727,1,49,445
1.4848380755377144,0.4477341285503555,0.08310929650065067,2.4983719590834754,-1.0321733278239107,0.8513168113508622,0.23834240459882583,0.027588368395303327,0.9925782820178072,0.9787121202171177,0.9914300462576575,1,49,446
1.3993922911376433,0.5841585071538716,-0.8619434835069286,2.3534406278485225,-1.1901653906121255,0.7755266095270059,0.2635686766144814,0.030386191291585124,0.9921136652492175,0.9806482216158959,0.9893772344262086,1,49,447
1.3786914614320356,0.8199782173534265,-1.1019394873965838,3.8064370319208836,-0.7296861156203773,0.3378988357573305,0.19078705968688842,0.01853748776908023,0.9961818211660809,0.9926922198522634,0.9829419504732787,1,49,448
1.6740647142663354,0.6192683481929123,-0.9146443489236684,3.0493496339869677,-1.3830075182296542,2.370054378917791,0.2951244496086105,0.020096930039138938,0.9966061002967976,0.9932847511816324,0.9749791723743949,1,49,449
1.7223339921825735,0.4869106541527736,-0.029151531346522534,2.9167400730531714,-0.952632352898813,0.7474465641016783,0.4450678816046967,0.032243762230919765,0.9930396135200661,0.9798695402823008,0.9849895758353744,1,49,45
1.5029839320245264,0.4083493087391096,-0.1437312824048824,2.4663664660228886,-0.8548641742802635,0.4679015650450862,0.12395272749510762,0.010939028864970645,0.9975570400712259,0.9937206466277821,0.9862683295286321,1,49,450
1.549697602711854,0.45084264711047334,-0.4602391381635499,2.7858978583982577,-1.7952200235292526,4.145098035787627,0.15756482387475537,0.013293480919765167,0.9971496542906855,0.9923414034265894,0.986545483053027,1,49,451
1.2547576795460753,0.3620750112957358,-0.4268669708501724,1.9351838386659441,-1.461998975669858,2.5582060374042843,0.2685680650684931,0.018376956947162428,0.9963699251658358,0.989452491727425,0.9863923296661016,1,49,452
1.2064381908875466,0.293041267478492,-0.16057296484699798,1.924789812904823,-1.1039367387562815,2.3956825511300934,0.21756512964774943,0.01705448874755381,0.9962834177268414,0.9857285816876571,0.9894901067144564,1,49,453
1.1453766721601393,0.4116390002236875,-0.28327735545495863,2.0563363104266887,-0.7157433852882723,-0.31227847350578397,0.22868762230919765,0.01974529109589041,0.9952787938995382,0.9867970764250314,0.9861837513491453,1,49,454
1.5047842441828019,0.8270418755884424,-0.8406596497403235,3.0053072018806817,-0.21163720976832157,-1.1149137492546461,0.21021128913894319,0.026663405088062614,0.9926582646111991,0.971263917986486,0.9938280140013952,1,49,455
1.7213135732786158,0.5209760489762747,-0.38892617875131635,2.61632118936726,-0.9894238087913634,0.867144598456048,0.2755014677103718,0.029751712328767128,0.9919794237651035,0.9676872049855487,0.9935419348769555,1,49,456
1.7228882081195471,0.4715830611026842,-0.3033197119539322,2.661489824118997,-0.9173438377449055,1.5813984237154468,0.28569135273972596,0.031815680039138934,0.991499745234497,0.9654613217607283,0.9935060786789801,1,49,457
1.905286894814773,0.592348382553925,0.14110428075914755,2.9527145698020765,-0.9571525208625582,0.21768014454859186,0.2082696306262231,0.02153406311154599,0.9943403640524702,0.9791637489183774,0.9942874157908919,1,49,458
1.5997762295277287,0.46855997234708063,-0.14571609208755168,2.807683493525439,-1.4831499026406314,1.637221458985576,0.19721593688845396,0.015250428082191776,0.9970561711091496,0.992425719161344,0.9871262043972036,1,49,459
1.7567888166507104,0.2622879158179172,0.40620505545604596,2.43724962288614,-0.7117921055934449,1.9388254806640095,0.5040897137964774,0.032327849804305274,0.9935443137714691,0.9760623588306337,0.9869604008683913,1,49,46
1.7299833591850515,0.4918674672399483,-0.17836096461415787,2.663577226479349,-1.6235477329244405,2.8260062243904303,0.23756268346379644,0.018010029354207435,0.9962591329366384,0.9905109931106995,0.9884856372305048,1,49,460
2.143076469127391,0.8197926355180429,-0.7465470864144593,3.163560643012017,-1.555490543541031,1.2392199224129152,0.19931048189823872,0.013690985812133074,0.9976787686349842,0.9946150441601076,0.9820602597049647,1,49,461
2.339912756585826,0.7400112609902868,-0.832624125031778,3.355623249748804,-2.137449775068171,4.303643366759912,0.24854757827788643,0.016886313600782778,0.9970995456149182,0.9931208369710902,0.985171649917362,1,49,462
2.168487478309234,0.8792016762340422,-0.5690468427782067,3.1480674665071597,-1.440653080053133,0.817582405324945,0.1700021404109589,0.012750733855185908,0.9976905650076177,0.9945728787603562,0.9860241261597702,1,49,463
2.146956061639955,0.8141537726116069,0.2102660720110406,3.2535366588740553,-0.9266818999839782,-0.46969390246178744,0.17783757338551853,0.010526235322896278,0.9982532568277256,0.9962199940666662,0.975696391571316,1,49,464
1.5071739775321338,0.5354366433413575,0.003395112499751803,2.4321626504665286,-0.4370099610110639,-0.8559944828509507,0.21775623776908024,0.01899614726027397,0.9956627186208452,0.9840031509493697,0.9911279342009169,1,49,465
1.6776635701940128,0.48184220528280125,-0.27795727946631693,2.467038222515713,-1.877830312564443,2.729999773839615,0.2866239603718199,0.02558555528375733,0.9943170153501539,0.9785163512913608,0.9922122305069588,1,49,466
1.676595117242652,0.3181865854548946,0.06971796579806472,2.2466206907341593,-2.228668559699738,5.617508175247682,0.3162457191780822,0.025532045009784735,0.9944736719478562,0.9768856668823928,0.9906252862826312,1,49,467
1.7555984411916619,0.435835750936526,-0.004780024525918983,2.6285367087524176,-1.8436290641304687,3.0203224296649207,0.21649492416829738,0.022657778864970637,0.9948576000271455,0.9815237860983581,0.9922656018705223,1,49,468
1.840903990000229,0.4629913806331594,0.25411727317023114,3.018785332520566,-1.1628958476883624,1.1971900945140819,0.2495566291585127,0.019332497553816046,0.9959930209523712,0.9869617248995568,0.9873162407729044,1,49,469
1.8553618364561404,0.23750308134666878,0.7934563462190368,2.5524586344461415,0.10099883923845303,0.5449876630824542,0.6754296110567514,0.030156861545988258,0.9953030736694084,0.9799385851754164,0.9832854530316694,1,49,47
1.9804475690045606,0.6669771903338005,0.3160752130131937,3.0753121129846837,-0.40854499614115697,-0.918429308760385,0.16009509540117411,0.01403498043052837,0.996786515618615,0.9921420336222363,0.9880607471339892,1,49,470
1.3788302503300571,0.32795280097304275,0.2009191386330698,2.5039742244022216,-0.7298537772652874,0.7636477182215446,0.17127109833659487,0.011076626712328765,0.9980007096042063,0.9943972807584872,0.9815277401589281,1,49,471
1.5990409356202964,0.38555336346797503,-0.7528232076217121,3.0032342290376297,-2.418612558791006,12.976697088611251,0.25334821428571425,0.01407320205479452,0.9976753637947451,0.9914645731794945,0.981402592525884,1,49,472
1.4686539525211117,0.4248972550464975,-0.6059449890594985,2.3376039279395346,-2.2533487238800975,5.56288165031744,0.18208017367906063,0.012842465753424653,0.9976166222527004,0.9925941000230296,0.9825896992618319,1,49,473
1.9651056689691893,0.6117007600109398,-0.6571089423122863,3.1668642593618026,-1.3840957154094722,2.196043710155976,0.20750519814090018,0.01786478718199608,0.9961478483497854,0.9909383145493392,0.9869070576588601,1,49,474
1.8438307225163073,0.7506480883148837,-0.7949812801874329,3.1502883452459804,-1.0922274929378022,0.6627944813896889,0.23928265655577294,0.019240765655577294,0.9962678503783037,0.9928795536896404,0.9832537758862302,1,49,475
1.7488752131628784,0.5118172201663337,0.19979548881759537,2.601826454190376,-0.9392746103946352,0.1552526151518241,0.14468413649706457,0.009264921722113502,0.9984408089282064,0.9965792614146975,0.9780750779018146,1,49,476
1.3159533704091544,0.4343175862626778,0.27347320950425263,2.5102969531056023,-0.11017427853196829,-0.3259554504890727,0.09644080234833656,0.006665851272015654,0.9988442175112967,0.9974583083596799,0.968102595728539,1,49,477
1.48018883784525,0.4927637211826947,0.21490593315090217,2.2806307910484844,-0.7949819304104776,-0.4727437526854179,0.21427806996086102,0.013492233365949114,0.997977317147722,0.9965142587518239,0.9740591908721333,1,49,478
1.3841942187552705,0.4951317724728863,-0.14429756073974995,2.0310526606941393,-1.3567481787000164,1.0401711525481474,0.16601944716242664,0.012796599804305284,0.9976282933311688,0.9952339793914499,0.9798729032979417,1,49,479
1.947129741927455,0.22297572345648514,0.8692334215832385,2.68446846560127,-0.5145224384883426,1.8075244775492418,0.5829485689823873,0.027053265655577294,0.9960916772730508,0.9845989839390483,0.9814266892922209,1,49,48
2.231910386409389,0.5768521644566303,0.15803957813187666,3.918570065942659,-0.9035208202935902,0.5172105972938255,0.3679442881604697,0.022352005870841483,0.9961167274548707,0.9920658453847777,0.9839615681292302,1,49,480
1.8169640887473135,0.3780936549006415,-0.4867188727625619,2.4598572370803375,-1.860855491932281,4.272293849001347,0.44926461594911943,0.023567453522504896,0.9960212726709758,0.9860724865940605,0.9840817383294956,1,49,481
1.582468626116325,0.4425234726406356,-0.8463864027607402,2.5731471344795245,-1.4847146049469693,4.046591630920111,0.3386206580234833,0.02242844911937377,0.995628722665859,0.9838057770043196,0.9874474561503306,1,49,482
1.4895581023958702,0.4746163057740982,-0.21181299040073515,2.364438714203143,-0.8777404720554871,0.6111581847042156,0.17991682974559683,0.016534674657534245,0.996310887667618,0.9858421008518065,0.9889422088190946,1,49,483
1.1738931647387745,0.3610961451089449,-0.07854651032706178,1.91211324148146,-0.7470270490966233,0.3888385380353654,0.1110338184931507,0.008095340019569472,0.9986113514896847,0.9958723375599102,0.967890881315699,1,49,484
1.4214343549485586,0.4112118454578798,-0.11950167368107677,2.093178146288403,-1.553165218457951,2.245155933617335,0.2481959393346379,0.016366499510763202,0.9968273752493495,0.9897737515965072,0.9858423424500011,1,49,485
1.4305544163749544,0.3703016628944122,-0.2550249012520515,2.8014823055506515,-1.292165041751649,3.9262115693701247,0.27763423434442275,0.020012842465753425,0.9961699525287642,0.9877497707656897,0.9844460852959654,1,49,486
1.4519939149411891,0.44522327330047456,-0.3516955294610823,2.3689047090839543,-1.754513968109777,2.927883101710268,0.17614053326810175,0.017268529843444225,0.9961360522351757,0.9881389480674853,0.9901297758667775,1,49,487
1.086235427350841,0.4508033977160345,-0.2047768702218708,2.2687437132346924,-0.29134638770760146,-1.0897141483176853,0.1447452910958904,0.01482234589041096,0.9964596236014693,0.9900596193894009,0.9853170112984054,1,49,488
1.0465326298213786,0.5027325767614919,-0.6094526499371654,1.7054390746743544,-1.1403722599563293,0.7079098093869294,0.05747003424657534,0.005931996086105675,0.9986592667255587,0.9966863086032426,0.9801938858111101,1,49,489
1.5148407585788037,0.36762411546120277,0.16053586975720865,2.153751990183025,-1.007319957069889,0.6547923925945036,0.12389157289628175,0.01140533268101761,0.9973902814850417,0.9927424077039507,0.9856818186025567,1,49,49
1.4608850046199795,0.8528286105125394,-0.06589329484135392,3.2814386430087388,0.16400357530904802,-0.9585708190906912,0.15532503669275927,0.02083078522504892,0.9944484044597738,0.9896268940284384,0.992722349665963,1,49,490
1.643249748389167,0.7049644707171157,-0.1867998312132127,3.56258229467568,-0.3497950612104907,-0.22018072112510545,0.2759142612524462,0.031479329745596876,0.9921776782573294,0.985938805778042,0.9892487637673996,1,49,491
1.5121353598727556,0.576345073660173,-0.6624975373144696,3.064602995428808,-0.3362915962097157,0.4510956682744287,0.15733549412915848,0.022443737769080235,0.9936323205506769,0.9847130711011247,0.9927546585110085,1,49,492
1.5706460473019594,0.8187236878734582,-0.37886756730287485,3.5349765550715,-0.14654321785598523,-0.6144092180423519,0.1398376345401174,0.02400318003913894,0.9929785600624279,0.9842689411258245,0.9936457588736726,1,49,493
1.3276455849028965,0.5236848275345116,0.012170209320736532,2.7196338928126558,-0.08852522395387084,-0.5083861606582731,0.09168603228962818,0.009563050391389431,0.9976800032823371,0.9945192282541397,0.983524230241274,1,49,494
1.995900683120356,0.6876902320733783,0.054005172898955595,3.0754335779942523,-0.6742702361359735,-0.4211739576765017,0.04649278375733855,0.004647749510763209,0.9989754089764832,0.9972404770067935,0.9780195731882163,1,49,495
1.903863674699554,0.6241118110633415,-0.7125158098105494,2.549842374562877,-2.037025531214088,3.687969685448885,0.11068982387475536,0.012819532778864967,0.9970011948962952,0.9903902089742601,0.9890546589748535,1,49,496
1.8803199243980608,0.5543446699491914,-0.9844536799737877,2.7477199541782653,-2.1904976860680594,6.0757397806747395,0.1955036081213307,0.016060726516634052,0.9966985866520469,0.9881245146803618,0.9828425113575772,1,49,497
1.7614657311478077,0.5247795570365343,-0.8022054583100175,2.6854957471327743,-1.6514762184060883,3.624013055718023,0.14582314090019566,0.015770242172211346,0.9963059199969225,0.9855583776964446,0.98600387739647,1,49,498
1.866886777993535,0.6620171944583263,-0.979994192191365,3.0170338733106115,-1.7978279021817158,3.318807538966219,0.17218841731898238,0.015326871330724069,0.9965532384777537,0.9881504727367789,0.9868175166749206,1,49,499
1.1034424767880575,0.887267454158883,-0.6618718448186754,2.917249427157372,0.17863979036908953,-1.272357950699058,0.33145028131115456,0.05509264921722112,0.9833609919138223,0.9564458700161802,0.9902431948925399,1,49,5
1.4858742281829507,0.3593744643506923,-0.16248489652565365,2.627073108052349,0.08398196391185529,0.2913180604317751,0.30513087084148716,0.028696795499021516,0.9930064152094908,0.9805834391270638,0.9871692506974011,1,49,50
1.6734378767071125,0.762560614048857,-0.8598836542421412,2.74129611145337,-0.9890810925427829,0.04276884468142583,0.121995780332681,0.018522199119373778,0.9950960559863951,0.9880575262965373,0.988863596648078,1,49,500
1.6649536184781881,0.7181725432217104,-0.6520083701389926,3.135406098564138,-0.6399338972825888,0.04351329666958925,0.16093597113502928,0.02206152152641878,0.9943124507661604,0.9896308485939591,0.9892485261376132,1,49,501
1.5409443854577134,0.9628287619707601,-0.7846228118275218,3.5135055251432457,-0.49623347002786394,-0.8058249756825719,0.2651969178082191,0.037090264187866914,0.9909659938784552,0.9837411984743926,0.9887258581349507,1,49,502
1.5130357066142188,0.8448669293463108,-0.5780911804292911,3.2787173363001525,-0.7754505008980518,-0.30305009478746214,0.35271679305283743,0.030409124266144803,0.9928655531659868,0.9860994450195791,0.9836119915272316,1,49,503
1.8588983272542572,0.7310404079082483,-0.32085278124437616,3.0051394279777077,-1.0902179650050738,0.37102848782420494,0.32025134540117406,0.01998990949119373,0.9964334845521823,0.9923063111002032,0.9792369964819465,1,49,504
1.6289246628523815,0.22952529881826203,0.7511262049276447,2.329926815471336,-0.07797215171429363,0.3813765785834251,0.5668649094911937,0.020073997064579255,0.9972564141441699,0.9912904047198574,0.9775052722682599,1,49,505
1.4534524783590652,0.2912799701243095,0.2216556355745376,2.465959306365233,0.1891605045897358,0.27377082841460165,0.6517780699608611,0.03407840019569471,0.9934581272531293,0.9769286056951957,0.9891418387734141,1,49,506
1.2882318552447267,0.44006499282460315,-0.07139339414943642,3.3306018263900317,0.3441428847098175,2.437493478126142,0.6106210249510762,0.0423113380626223,0.9910799510107341,0.9711922570099955,0.9892032418472833,1,49,507
1.2222485783069128,0.3499871990016942,-0.21032533437435397,2.401822396674807,-1.022385128994665,1.9070768810278178,0.25960127201565564,0.02648758561643836,0.9932780480579665,0.974335843561669,0.9933694463398973,1,49,508
1.1214144148652154,0.3372602580863137,-0.07060305587039692,1.6968686354139717,-0.7430821077081156,0.2523208865801201,0.25901265900195697,0.016167747064579255,0.9968671347003327,0.9880653194520658,0.9869693837385544,1,49,509
1.482956515420298,0.3369866454258898,0.040814745647255554,2.4836511631152627,0.15828835596003143,0.346339943770511,0.31773636252446186,0.030248593444227003,0.9925702244293136,0.9773870735602403,0.9884238257970857,1,49,51
1.924032308449332,0.5139278478754177,-0.025724158622445974,3.2139932761472068,-0.7333056654276463,0.6511991638137471,0.32652733610567514,0.030103351272015657,0.9924614922610604,0.9777247430599406,0.9924187573587919,1,49,510
1.7040692898136618,0.43005725992148647,-0.6107193522192133,2.7709668204270086,-1.0133848789221993,2.456674871621133,0.5854406188845399,0.0426553326810176,0.9900613865620215,0.9712497842119951,0.9904381060839607,1,49,511
1.58345396341659,0.38791330321340617,-0.3288121786206565,2.794708373147027,-0.7086299900227311,2.494204110617468,0.380977862035225,0.03859619618395302,0.9903181219212034,0.9699023615603735,0.992239650190085,1,49,512
1.4466921213037127,0.4032440503980974,0.2333977846367819,2.5801944925080655,-0.4340253731211032,-0.0035572150063196695,0.34669306506849307,0.028650929549902147,0.9931792159915762,0.9768974843512002,0.991462471895795,1,49,513
1.8840583871390095,0.5595665687221661,0.49008630688880095,3.2103121751019805,-0.41346719769064816,-0.5987421560067072,0.18470217710371817,0.020135151663405088,0.9948761972360239,0.9878273263623564,0.9900661937659305,1,49,514
2.3181373696200978,0.3410607061585949,0.8412246105614894,3.6561378036794334,0.11471342927506882,1.7252221280413575,0.4464362157534245,0.02764187866927592,0.9943780660123143,0.983298365147617,0.9858545340255769,1,49,515
2.1332126286624122,0.32645287017470326,0.532233026511566,3.246125508475733,-1.4887146074988602,3.369495172719059,0.3086243272994128,0.01874388454011741,0.9963487643151412,0.9885557223426975,0.9841924633492312,1,49,516
2.266553599856298,0.6407954172906615,-0.24779650535785472,3.033840287009873,-1.5960128108934672,1.9087832294341665,0.24889157289628172,0.014623593444227001,0.9979545258508066,0.9953181261305257,0.9824308747719024,1,49,517
2.131640858089423,0.8034077357152466,-0.38961503133633363,3.0354530450689645,-1.2313465156256937,0.44965735067574375,0.13566383317025438,0.009968199608610567,0.9982365164575814,0.9960556632037508,0.9848370142247151,1,49,518
2.366916872678909,0.50255804436616,0.8807176964405053,3.1514286452441724,-0.947716715814889,0.3575625772283195,0.18513790362035223,0.008408757338551856,0.9988614811447338,0.9971143462756306,0.9729362051192084,1,49,519
1.4792696388624516,0.2944942723322906,0.14820174002186978,2.328341587376949,-0.4368207971095904,0.6693554109884512,0.3906708659491194,0.03282473091976516,0.9921697116308184,0.9783759848040176,0.9869543646335157,1,49,52
1.149371670669626,0.28794214645378197,0.06608340323451053,1.7921077367367388,-0.23445502393154496,-0.0792425887505015,0.21464499755381605,0.013958537181996088,0.9975000921078909,0.9869053760376263,0.9881284014943155,1,49,520
1.074832402273023,0.3403075167768725,-0.48207986409799586,1.9766259610614938,-1.1530723320536207,2.592809433144051,0.29811338062622306,0.016549963307240702,0.9972347487257349,0.9842249208484681,0.9858104935267992,1,49,521
1.1290210933021865,0.2810026028096327,-0.5470178849811735,1.636788168800635,-1.5390588406186236,3.7140012792739636,0.19453277886497058,0.013048862524461836,0.9976655298172039,0.9867276958365169,0.9877094915125869,1,49,522
0.9136210706414098,0.5741727130657689,-1.1085638561469617,2.2191373901474507,-0.43460916409201056,0.16107562916463625,0.20900348581213304,0.030003975048923676,0.9910676779894754,0.9715283494543475,0.9936155898034528,1,49,523
1.0072472134425339,0.5560966494570935,-0.7372138935292981,2.3771291728736874,-0.30787927051836783,0.38820212882514804,0.3585035469667319,0.034605858610567516,0.9917577591328561,0.9737822637108797,0.9903161501673503,1,49,524
0.9664378184778134,0.5458291858521663,-1.0619274997055732,2.305501088999372,-1.0924634315136146,1.9594381611403024,0.31425055039138927,0.03115826810176124,0.9922942422295059,0.976402213803,0.9908209398505756,1,49,525
0.8902908603554719,0.5337507230661331,-1.0209075075182399,2.117487052125168,-0.8825360678056785,0.5119200120914802,0.1588261374755381,0.02054030088062622,0.9939716132547263,0.9813357820802473,0.9932798719707422,1,49,526
1.9074709844730862,0.4299764980935372,0.09478810062139748,2.482762195028591,-1.4817150983766403,2.1374986282287054,0.3462496942270058,0.01636649951076321,0.997463510830241,0.9921769674562744,0.9825310573199528,1,49,527
1.75554147257295,0.37640881845786855,0.10145782206728944,2.6394553462612222,-1.3276428925591772,2.538584367577571,0.33271923923679064,0.02047150195694716,0.9963836791358887,0.9882337594893377,0.9866552044205104,1,49,528
1.4446209746834748,0.5039221713994368,-0.5949461213813358,2.249971939842732,-1.2427138771939559,1.4239209788095275,0.27456886007827785,0.02469881360078277,0.9943983883176342,0.9833499487016681,0.9908574433116031,1,49,529
1.5448018808641886,0.2958809253153374,0.3775535800814784,2.626095244635655,-0.38443433402160987,1.2810631572709816,0.37695694716242656,0.027374327299412915,0.9938258296004325,0.9841333225374115,0.9834714326588809,1,49,53
0.9014747410184861,0.4437482565598988,-0.2070861903553624,2.113347913525793,0.5099369627423188,-0.18358263999422286,0.13046569227005872,0.01196336839530333,0.9977536116376359,0.9956925261672811,0.9643719689881065,1,49,530
0.6563996946096643,0.19540125495851468,-0.1267590629915253,1.2508167383829496,-0.1442215250744128,1.3685593159836795,0.08420223825831702,0.006788160469667318,0.9988104084970588,0.9971946620873091,0.9608357315179993,1,49,531
1.7850193459866746,0.47460833700243055,-0.2562013854364219,3.0354619694469656,-1.3194199712682255,2.1574409140565782,0.27589132827788654,0.018873838062622314,0.996315673211814,0.9912365691886521,0.9866404279929093,1,49,532
1.5255870410007062,0.5110841517615076,-0.04070333109279839,2.338458909813738,-0.7631102099261832,-0.300392530394034,0.20804794520547942,0.016328277886497065,0.9963986307811116,0.9873011697990032,0.9884003659968915,1,49,533
1.5239499804550325,0.37118779194500906,0.32478244881377033,2.360428233800064,-0.7675052388313606,0.7311800453051527,0.39464591487279843,0.025501467710371817,0.9944785519501914,0.9815089474765849,0.9888418601667337,1,49,534
1.3334934737409447,0.3498129108002383,-0.41207711338790337,2.043226841585786,-0.6613597681258867,0.7968982030107354,0.36425207925636,0.0327559319960861,0.9915870070670724,0.9661815332606468,0.9928456196850248,1,49,535
1.3005341268747495,0.3682442322174068,-0.4987464227079638,2.279813524254974,-1.0747542217446504,2.388768240903512,0.3951275073385519,0.03715141878669276,0.9902691823054229,0.9565932376678831,0.9914192836234418,1,49,536
1.2183224161298356,0.3682935342447215,-0.9513275041304557,2.372968620740056,-0.3105566998961028,1.615252377408642,0.32014432485322897,0.036195878180039144,0.98999566901539,0.9514068115497765,0.9932767348774297,1,49,537
1.2311180748832824,0.4303482887348219,-0.5920007569862283,2.774841921761936,-0.32345609803652536,0.4655705552328495,0.4499373165362034,0.044084821428571425,0.9882696026818842,0.9507459056782684,0.9920608866488949,1,49,538
1.4494853737204076,0.4282101416642388,0.09663500243495861,2.5462937677543245,-0.6871136553090398,-0.27580350725027936,0.25878332925636005,0.025830173679060663,0.9932214582010701,0.9719849257666162,0.9925550278409907,1,49,539
1.7254249279960527,0.4329614803356047,-0.2989917618741932,2.6883505963963557,-1.246816945086553,2.76690375763733,0.24783665606653613,0.018797394814090013,0.9959793188319237,0.9908694246412871,0.9868182500957233,1,49,54
2.3718746292283046,0.36670915301616486,0.6265312406709937,3.3034298552068218,-0.9175398753597054,1.2266685065949154,0.5060084393346378,0.04875550391389431,0.9865214452180603,0.9599542804493542,0.9932900607925467,1,49,540
1.619350503088461,0.5648744355484929,-0.33721616688578193,3.179565482081618,-0.3185867539018175,0.2696150215439408,0.6953965875733854,0.07381360078277885,0.9792157393267913,0.9456291028751058,0.991665278173044,1,49,541
1.45338441430972,0.41844205699924336,-0.37539609631749854,2.478689041244436,-1.2226744024466143,2.6302923274295527,0.39852923189823874,0.043633806262230915,0.9870964118136457,0.9535964954142385,0.9941919103901937,1,49,542
1.1818907247287278,0.3614685195286308,-0.14407100994578972,1.7882277445052241,-1.1851337044345636,1.0792056627705833,0.23329715019569466,0.02548617906066536,0.9938077494649654,0.9782418189242728,0.991571135737943,1,49,543
1.2244111369462012,0.33739482544534344,-0.2881334370010107,1.9207108053937814,-1.4614766132558017,2.404820832953267,0.23487188111545987,0.025295070939334637,0.9936421327079253,0.9762402479663432,0.9910597084501563,1,49,544
1.2649046064752454,0.2839867733956313,-0.09441940368618888,1.89726677830981,-1.1009031828933706,2.078105050599481,0.3009800024461839,0.026013637475538157,0.993950567363663,0.9778647258801253,0.9897856454963755,1,49,545
1.3575032386537729,0.35913439162264943,-0.34737648825547807,2.0294037032148977,-1.3567541998366408,1.6198748638925045,0.24269966976516635,0.023819716242661448,0.9941206079270911,0.9806359332262491,0.9916145024383356,1,49,546
1.3816083466252889,0.47577424174271454,0.0917432412742535,2.5165358061547978,-0.720618863800686,-0.4237395924496652,0.2504051492172211,0.02157228473581213,0.9949702992603418,0.9854398537088888,0.9886503148355957,1,49,547
1.7345886669657142,0.40108554515902883,0.30243106754752186,2.3915654982379513,-1.3201494499621886,1.1733764320719775,0.21765686154598823,0.014348397749510761,0.9974407354735046,0.9931513507574502,0.9845658340223451,1,49,548
1.457103421022679,0.5279410762653997,0.29859274454273654,2.389334492556326,-0.2860124929452423,-1.1518644170642187,0.14842985567514677,0.010663833170254404,0.998025360764874,0.9954403034759628,0.9822885023555993,1,49,549
1.5451063596995165,0.35375238343114085,0.2804630017294984,2.4744194224767173,-0.4005289580417371,-0.17731399301098438,0.1862692636986301,0.01132124510763209,0.997865639442687,0.9949128861814328,0.9811076417476162,1,49,55
1.4793313551382767,0.5940783722657583,-0.689745071577151,2.3818195609754813,-1.5966268266494652,2.2337908206264707,0.08762689579256357,0.006826382093933462,0.9987009650966493,0.9969576755811246,0.9719276775434447,1,49,550
1.604639091750565,0.6235868031547099,-0.7392503557539912,3.507204006146835,-0.6618810733556311,0.414958873947604,0.2589973703522504,0.02486698874755381,0.9944777843137219,0.988415720872893,0.9891729772476631,1,49,551
1.9134830823007807,0.6167989856184058,-0.47066191338954677,3.194038647785956,-1.148390028216252,1.7614723113438169,0.4000886741682973,0.033153436888454,0.9929583340162436,0.9850375324695066,0.9871884420162441,1,49,552
1.8252853586104945,0.9307779185948795,-0.6194970399210087,3.677423178836954,-0.2785756538498217,-0.7019205786627496,0.3059870352250488,0.03287824119373776,0.9921599065493326,0.9844444819909185,0.9889633458832314,1,49,553
1.5294100930490986,0.635116748927813,-0.7425092704569937,2.710823530262125,-0.8052131622614227,0.6977682175111237,0.1752996575342466,0.016465875733855183,0.9963948735787546,0.9913013977349894,0.9852089198699802,1,49,554
1.796469725537975,0.43120442624333877,-0.6637022067244229,2.42739860341999,-2.6404671100307127,8.633231802161806,0.2273192881604696,0.015120474559686885,0.9973160636256885,0.9919520585171783,0.9843118558223765,1,49,555
1.2010887693022652,0.4594636625314748,-0.7110504684611049,3.0593778745942375,-0.7135339601784335,1.2156477656080993,0.3230415239726027,0.03017979452054794,0.9924437776456156,0.976797682111421,0.9899762003887935,1,49,556
1.2428416066032344,0.4113314474684429,-0.489473641430234,2.5438917201650235,-0.8325043534402047,0.7005388081761623,0.26628241193737767,0.022443737769080235,0.9947053906438952,0.9816547252884673,0.988363082957448,1,49,557
1.607595511406239,0.3855325970556362,0.09870947614831917,2.4478522312638282,-1.8875281051278687,4.566220377311549,0.1503180039138943,0.011214224559686887,0.9978307395162551,0.9931517601310751,0.9862898224717888,1,49,558
1.3276175133575334,0.38300012325187544,-0.30108026755472567,2.617194435853713,-0.6854528887486793,0.8255919826873459,0.0884524828767123,0.007888943248532287,0.9983351085625528,0.994492782373039,0.9834338685873854,1,49,559
2.4832767454560223,0.736733234666136,-0.4580011968140192,3.5364304360607193,-2.1815734324280016,4.6610863772159075,0.2449165239726027,0.012796599804305284,0.9980647659496014,0.9958722309311488,0.9763827862122493,1,49,56
1.516657587767958,0.6836020284297332,-0.08772608358271962,3.020586596800053,-0.3461728925068866,-1.2014986455486505,0.3810543052837573,0.04439059442270058,0.988813539672806,0.9717713251601504,0.9902818746005941,1,49,560
1.4123366285602903,0.4675058026121756,-0.3532700992516891,2.5976976145381925,-1.1631032885016024,0.7038725346091477,0.404583537181996,0.05305161448140899,0.9852361971855932,0.9594700694675325,0.994153544874884,1,49,561
1.4283118415125675,0.36049513211754874,-0.06434394737858339,2.7628708054402877,-1.1193564137531247,1.55325949661297,0.4131375366927593,0.03586717221135029,0.9910393071035163,0.9693876241014894,0.9907339770132872,1,49,562
1.4933060255602741,0.5108320446944049,-0.358239380626021,3.4499982380085976,0.1176723765836596,0.7732608209713865,0.26721501956947163,0.028047027886497062,0.9922385174694924,0.9785423553096061,0.991911510302133,1,49,563
1.7002004104472286,0.5649094389860132,-0.17567578276534557,3.192406426870859,-0.27222441415660525,-0.5781041646453429,0.334836717221135,0.0358442392367906,0.990655891213846,0.9789687023499472,0.9889363559451061,1,49,564
1.5176006055808267,0.5076061040327068,-0.18215388191395068,2.774117740387025,-0.2353542040720555,-0.2846805916564743,0.38599253913894316,0.052868150684931496,0.984608883827016,0.9632187458231667,0.9932340603078468,1,49,565
1.4691243609338642,0.5979586807973751,-0.19548698714025195,3.3622505360255714,0.1152331604423553,-0.157997872590097,0.34267215019569464,0.05816566780821916,0.9824632520142004,0.958163623312287,0.9942989760949188,1,49,566
1.3098960773570913,0.603668118163576,-0.5972826389350897,3.124404538595432,-0.32524805092414455,-0.019222230270383278,0.3133408757338551,0.05165270303326808,0.9841182219029878,0.9620107752150014,0.9954744906028204,1,49,567
1.087629345840614,0.5067813318477212,-0.13264458219243713,2.6082187752234303,0.08590040420297769,-0.43812708004765355,0.29026265900195697,0.034628791585127196,0.9902269734841012,0.9760416628766072,0.9924704962338108,1,49,568
1.683230176804585,0.4422484458928883,-0.6871566025288459,2.979366147431822,-1.3536322776068068,3.6656134822821134,0.21127385029354206,0.013041218199608611,0.997518367765465,0.9921119890554427,0.9833523106120351,1,49,569
2.1074058732869982,0.7077527446912287,-0.2268489075560415,3.03516437166364,-1.3578768512461488,1.0730410656979243,0.24636894569471623,0.015403314579256356,0.9977339155061195,0.9957231610791897,0.9706893610194347,1,49,57
1.2459499303339998,0.359426724451649,-0.24305314906075315,1.8807659129809866,-1.2653511613082489,2.193303336066837,0.19650501467710366,0.012215631115459879,0.9976900625657389,0.9924673676465395,0.9800746993012258,1,49,570
1.4596701149659814,0.438643408555568,-0.8173813056785643,2.1746088781372017,-1.9066363451165098,4.401422034066991,0.13326351516634047,0.010770853718199606,0.9979039725061075,0.993820310457332,0.9843355922201316,1,49,571
1.2470850749814977,0.5252309403715338,-0.8989550618026656,2.0281694764823155,-1.4159800825460913,2.259960316643739,0.09192300636007827,0.008875061154598825,0.9979440602690606,0.9947219389267584,0.9853196547440081,1,49,572
1.707752018707295,0.5235650414174013,0.2136838326413819,2.5858784067767338,-0.9432697609712359,0.0025094569577719383,0.3185695939334638,0.022879464285714284,0.9950924939416725,0.9876976995577101,0.9889103573943503,1,49,573
1.6495120957973126,0.49280799144298854,0.11523043933184567,3.000336031536265,-0.6382128703285631,0.7369950925609392,0.20244465508806261,0.023108794031311154,0.9938952224661939,0.982120126232498,0.9903382246421586,1,49,574
1.4951925529771288,0.526383677898236,-0.001675627078828736,2.6971175957798597,-0.9696047280853581,0.4521328978063952,0.39731378424657526,0.032022076810176124,0.992597651052996,0.9786308013968865,0.9894382289995532,1,49,575
1.462053581821481,0.5362359625081491,0.19732933034912442,2.8142724348941215,-0.037513342647032794,-0.43281995259156014,0.2510319838551858,0.022665423189823865,0.994217785383685,0.9827950371199058,0.9896806930082956,1,49,576
1.3523399021586406,0.8842441353280358,-0.847964650117638,2.4476360715148164,-1.2777668880793516,0.47873749291214507,0.0666202910958904,0.00433433219178082,0.9993644457825913,0.998960377384442,0.9556600488238368,1,49,577
1.7795580427088205,0.6803857889314072,-0.8010382125361198,2.5873531897365907,-1.9325401588063158,3.308274310466757,0.10484191536203519,0.006230124755381603,0.9991783485809934,0.9986087533430731,0.9597481606586153,1,49,578
2.023705689258566,0.7361234869242296,0.3880836857686824,3.2868875868074596,-0.549877016772278,-0.8856102678475346,0.14800941780821913,0.006879892367906067,0.999099693176778,0.9980736559568695,0.961502806345606,1,49,579
2.1780341857400436,0.6474075354298773,-0.13853501346339644,3.1036834972681677,-1.4232727904965805,1.603552037628102,0.15618884540117411,0.009524828767123284,0.9982958797992713,0.9964569432344821,0.9749394177223919,1,49,58
1.645997438075417,0.5588354567028715,-0.7187440911872182,3.0310910596719283,-0.8818865330054376,0.6827935519963302,0.40928479696673187,0.028528620352250487,0.9943910511573795,0.9869448145117434,0.9888962971402657,1,49,580
1.4251474966719082,0.5460775189693188,-0.20608274511331853,2.7787824663777507,-0.8042639956644043,0.11420793748125257,0.31233182485322897,0.031318798923679066,0.9921720709119969,0.9805337933930914,0.9909049498238016,1,49,581
1.3831700286618913,0.5734435318425546,-0.5799923761597406,2.6281605364577283,-1.1428437204551911,0.47157606437034305,0.4761344178082191,0.03910836594911936,0.9914155878729797,0.9782067171842861,0.9881693307487205,1,49,582
1.4755866372628832,0.471851842192875,-0.25391559015512866,2.524020508637863,-1.4267521336492577,1.4754022487106733,0.3907473091976516,0.02809289383561643,0.9941265968993088,0.981949984358746,0.9876378993781652,1,49,583
1.7719890790518413,0.5890581866537263,-0.5213916101712907,2.8209513823049606,-1.369805723350291,2.3087248887261707,0.28256482387475534,0.021113625244618392,0.9956362243683896,0.9914310416868324,0.9829990855082853,1,49,584
2.2027945318006266,0.4970976601714565,0.08808971597230231,2.8139092078852994,-1.4874562626061698,1.5547463142394777,0.17636221868884536,0.00832466976516634,0.9988091607243124,0.9974430844623108,0.9754068060445115,1,49,585
1.591054905964124,0.3582835993584123,-0.16607152175116785,2.3417654064120237,-1.2135942429759368,1.3965554277987842,0.2034154843444227,0.014868211839530332,0.9968944972722162,0.990961744467232,0.9875565019065161,1,49,586
1.7738535788288843,0.36152793150493945,-0.3645590371247994,3.131740929093323,-2.0575782035243915,5.742824339017407,0.3168572651663404,0.02073905332681017,0.9959147790355461,0.9890292313938361,0.987569372553542,1,49,587
1.840999666034336,0.3715011537955912,0.07753718825830343,2.680342952187181,-1.533782778239673,2.242201035203342,0.31269875244618384,0.019737646771037176,0.9962623263670017,0.9902856929838831,0.9853553911485061,1,49,588
1.0106212914035293,0.2598252125428532,-0.27916286902644283,1.8615637274224968,-1.1485381017757617,2.6345190726327194,0.13209393346379647,0.013239970645792562,0.9967855559742377,0.9877776706566143,0.9856834187804645,1,49,589
1.2911569019623668,0.27761627682621287,0.027164773842171315,2.205652272486588,-0.028318717065405317,0.4966992046458034,0.4077406433463796,0.022596624266144814,0.9960758197307584,0.9885775710228938,0.9743783206289729,3,53,59
1.2022007359777633,0.2686086663514567,-0.13719501348763374,2.9100684567203063,-1.1347600084526626,6.598742073352298,0.1930497798434442,0.017711900684931507,0.9959785014340697,0.9848719670819964,0.9868707422339579,1,49,590
1.4116137864655698,0.30622758637513925,0.026312228509190374,2.1736914864457106,-1.925667969976885,4.167439978189098,0.22173893101761247,0.020937805772994124,0.9951939985612552,0.9830503995699104,0.9891774836265981,1,49,591
1.6741707562956694,0.3375484865702289,0.048342160239722126,2.778273131849524,-1.4728914067812742,2.243649180832752,0.2731546599804305,0.01880503913894324,0.9964424212933882,0.9888386390791006,0.9839609639444956,1,49,592
1.6758399627311338,0.5878685039557193,-0.4846264543595278,3.002943110904219,-1.1531586808973655,1.798468189901735,0.16861851761252447,0.01782656555772994,0.9954138544437422,0.9841181211348008,0.9936220429368479,1,49,593
1.5271408505192392,0.4510982914334896,-0.5857119506365952,2.7258000553348753,-0.5004294808105166,1.378933230695698,0.2093245474559687,0.022053877201565555,0.994465323120076,0.9799401340447053,0.991579928593582,1,49,594
1.5355998086044582,0.44178983285411133,-0.31506519560478796,3.1035496507627585,-0.4255115511723386,0.6875062997439838,0.18355552837573383,0.020349192759295493,0.9947605625571282,0.9807073751495603,0.9910876843015188,1,49,595
1.2427667564550213,0.4531232014341829,-0.09921375484995451,1.9073006800564951,-1.293003772749121,0.45400714018968724,0.07800269080234833,0.006803449119373776,0.9987139207155403,0.9966520405876224,0.9794150598823659,1,49,596
1.6591122953676107,0.9122508983785753,-0.40057552926570056,3.2596276629358107,-0.4007810671479047,-0.9564163107557535,0.1001406555772994,0.009027947651663402,0.9981634911732107,0.9966556521547062,0.9836920805589598,1,49,597
2.0920646838453028,0.7128820546594082,-0.6160452423269461,3.11181228087013,-1.86231975726969,3.6495915891177857,0.13062622309197647,0.00787365459882583,0.9988042013800577,0.9974583325661066,0.9758609336784791,1,49,598
1.1851371216197344,0.5544650170420065,-0.273747254525432,3.1060275428146733,0.5701851196843963,0.8477531179107234,0.20690129647749508,0.023032350782778863,0.9941440225541169,0.9877775060177708,0.9884633876441564,1,49,599
1.7369483564084667,0.7171683719789066,-0.665936440425781,3.1050479111905447,-1.0604872122276687,0.7658249772665897,0.2900486179060665,0.02168694960861057,0.9955195402914496,0.9914348526971747,0.9769664749001533,1,49,6
2.097849215621644,0.3220960611409277,0.6961948034847086,2.5994829444518217,-1.8667777402866013,3.619412872677649,0.5178953644814088,0.02645700831702543,0.9951658790971323,0.985022141772581,0.9886234138756594,1,49,60
1.1383714610152451,0.7360554619165633,-0.538545331678776,3.650779897238513,0.756847942680777,-0.0070154852309904925,0.26178754892367895,0.03325281311154598,0.9914189704213565,0.9825416521130725,0.9882191265769905,1,49,600
1.0945664799840171,0.7593886898735025,-0.40022958828098293,3.7447097571582963,0.9822498739596682,0.8994767488718804,0.3215279476516633,0.03547731164383561,0.9913819206931429,0.9795462015550607,0.985258533972154,1,49,601
1.0858690843447611,0.47414819277125003,-1.0604843653554148,2.573451165538409,-0.44741615351183545,1.9306453657919542,0.189839163405088,0.028864970645792555,0.9923710722116477,0.9812519657381392,0.9887569761247903,1,49,602
1.304145274721634,0.4487463339823131,-0.11769421897072357,2.0381694433743527,-0.8333547060404779,-0.08169432342815863,0.18144569471624264,0.013859160958904108,0.9970475479561828,0.9911066760781877,0.9844804380407175,1,49,603
1.5903812754798052,0.4065174400230798,-0.28442663861791206,2.3189801352471435,-1.5059129267138995,2.804257363755217,0.22225110078277882,0.01780363258317025,0.9965108663198385,0.9866227152831045,0.9876500206783995,1,49,604
1.4151892235812111,0.3349590210079108,0.07092202958658607,2.0386887381212553,-1.3470275224988615,1.8970526246003887,0.15693034491193736,0.013308769569471624,0.9971357119378498,0.989866098928727,0.9854417317754519,1,49,605
1.7670650196209854,0.3853198730505559,-0.06904094753260884,2.5484324436511905,-1.2172052386732322,2.5467989900314967,0.19332497553816042,0.01353809931506849,0.9975110099398187,0.9932392012736083,0.9833730471108187,1,49,606
1.5970405060520654,0.419764396046913,0.010600955218572539,2.379365934678627,-0.9447496346564908,0.5950245911484937,0.13053449119373772,0.01036570450097847,0.997873561880687,0.9946722094843875,0.9830802781437663,1,49,607
0.9675146238365397,0.36538282071185435,-0.3803193193031557,1.922434924506696,-0.8474578736728129,0.4958554488255875,0.24334179305283754,0.031280577299412915,0.9909741046102695,0.9602525601877266,0.992640379476095,1,49,608
1.0347574865302636,0.28677520442344606,-0.40278779377030355,2.017560917846945,-1.3170328504971418,3.360143083828987,0.2655714897260274,0.03517153864970646,0.9896685280365799,0.9543365997604202,0.9926333654462947,1,49,609
2.108340882784193,0.25106013432670876,0.47310368548750803,2.708896335920245,-2.726217690283048,12.531426448682677,0.7549688111545987,0.03296997309197651,0.9946694297902599,0.9816194582324069,0.9859152671698828,1,49,61
1.0413235044947202,0.27509832385117544,-0.5928405779493371,2.2662968534146115,-1.1640113907872007,3.9340857824485784,0.33301736790606656,0.036623960371819954,0.9893795961749953,0.9501639106789659,0.9928358335741653,1,49,610
1.0446545214483227,0.3982356575172313,-0.8352243137899229,2.590460764909856,-1.3133987298568555,3.3947600746789073,0.30467985567514666,0.03929947407045009,0.9880781092019106,0.9497119590552888,0.994499918679645,1,49,611
1.2119163105784507,0.3962896230294808,-0.4735259863118723,2.213079603190441,-1.0304658632269046,1.5426504423216212,0.4019309564579255,0.040652519569471614,0.988676875622322,0.9563143610872038,0.9934999983697135,1,49,612
1.3208686213305587,0.5052897804456942,-0.5789401140679998,2.6737232221523275,-1.2833696735132323,1.584931795255498,0.4303525562622308,0.03393315802348336,0.9913134940398055,0.9681284291167593,0.9913299609006246,1,49,613
1.567926861381682,0.5556140751654715,-0.1590663179002273,2.67963656336689,-0.8373437494319985,-0.21266316398727714,0.3269095523483366,0.02099896037181996,0.9955685396285852,0.9846183199752708,0.9875576823466773,1,49,614
1.3490380550499737,0.7175182507904585,-0.6927736968278599,2.707912864398623,-0.5920127186884464,-0.7691328032376337,0.15353626467710366,0.02183219178082191,0.9945078548418234,0.9903646212572869,0.9914014766692879,1,49,615
1.3902940455110062,0.40001710785633615,-0.16124288656920108,2.5375219140689116,-0.7122644877400837,1.1238223487043442,0.2941306873776908,0.02416371086105676,0.9945081475925812,0.9871930874108973,0.9889765241754747,1,49,616
1.602288518025054,0.3215905939081588,0.031142810738266746,2.6023707732894508,-0.6786455914928465,2.204863424955123,0.26172639432485323,0.01829286937377691,0.9963147567590691,0.9895440980650262,0.9872871483276746,1,49,617
1.5621693882683139,0.3808227399941659,0.32249544392144874,2.0674092191146203,-1.1181651492545392,0.5115697515476336,0.23809014187866925,0.012674290606653621,0.9979351147760583,0.9934342247960729,0.9810749946739133,1,49,618
1.8354653992262941,0.7331473776705175,-0.3071385186533189,3.1844810031780746,-0.783067745075925,-0.04902842624525405,0.3709408635029355,0.033566230430528386,0.9924754130019696,0.9863095522453965,0.9870634330222111,1,49,619
1.8083564682593525,0.7981033182714405,-0.25935290373444436,3.378500969788444,-0.6103211105835932,-0.28207009349455303,0.288963123776908,0.03005748532289628,0.9924340117782261,0.9826678794572712,0.9889902761962491,1,49,62
1.7770143041743254,0.5179593028185221,-0.35022187066483024,2.5998308089483064,-1.262106087345647,1.4227066606826586,0.2874648361056752,0.025325648238747552,0.9940280524118751,0.9875827868900497,0.9898620312049891,1,49,620
1.2472095418950353,0.3095390419066463,-0.7358657301491489,2.597349851713476,-1.4300804509073501,6.316470896426237,0.25523636252446175,0.024981653620352245,0.9937207827243192,0.9788639306211587,0.9877457964923192,1,49,621
1.1640954904814278,0.36038776300311265,-0.05958469901579198,3.1218134160790685,0.8061929317102957,3.9050863757621146,0.3004448997064578,0.028146404109589032,0.9930173763818477,0.9755166605840746,0.9864956610923558,1,49,622
1.096011000961885,0.3553875447599369,-0.1922739016704872,2.6135088440092096,0.13694997903509487,1.7202647378928573,0.37022994129158515,0.03290117416829745,0.9918473720016976,0.9722428483106274,0.9869057126553776,1,49,623
1.1848757775087027,0.3196706969444995,-0.7279386584820725,2.556756429772145,-0.29190791694082874,3.6403855768079296,0.34089866682974546,0.02595248287671232,0.9942455034620267,0.9816215306518661,0.9842444820078508,1,49,624
1.0355882286230216,0.2721000841674762,0.19191980074276666,1.5592372680558055,-0.6907158609016343,-0.21707212629539363,0.28102831457925637,0.027190863502935418,0.9928479730883805,0.9688779094158505,0.9923286393547729,1,49,625
1.0363377664241304,0.23942945450992964,-0.14105722954097194,1.7108681030844588,-1.057543723347832,1.7955280555568152,0.28557668786692747,0.03104360322896281,0.991524285259579,0.9511460034103192,0.9937387560082986,1,49,626
1.0071188070136425,0.24500135312265853,-0.633820701644408,1.8157392134219572,-1.790763218504666,5.978096578637002,0.25334821428571425,0.032687133072407046,0.9907743094022469,0.942326788902464,0.9944905332412558,1,49,627
1.0121734576766177,0.22945197665884395,-0.2143571697956852,1.633279792765418,-1.6924249114112435,4.090706327089677,0.24514585371819952,0.03227433953033267,0.9907940562592434,0.9415145566497174,0.9939491541875605,1,49,628
1.0230314277018262,0.25616861764572163,0.028774735220389033,1.8304838944944575,-0.7881554859873525,0.47861158690033667,0.2181766756360078,0.027328461350293543,0.9925209599344447,0.9503645663774514,0.9936256063460795,1,49,629
1.800778690765944,0.7260233608316465,-0.5828644231347045,3.560990945529067,-0.47516087512506006,0.6192544177341297,0.40969759050880633,0.0390089897260274,0.9906392405024973,0.9783310300674944,0.9874993438821913,1,49,63
1.0541013992595785,0.27120539477975364,0.28389612072118897,1.8345777496340714,-0.029126118240498,-0.17025315138068597,0.16198324363992173,0.018101761252446183,0.9953040593687468,0.9771120831618115,0.9902471865588783,1,49,630
1.6369679843289884,0.4870914097005158,0.5042134685942599,2.5454077219719426,-0.29281273683245024,-0.7457548765145221,0.1602326932485323,0.012253852739726028,0.9973490725340972,0.9928911601953613,0.9862851427048488,1,49,631
1.9815258284371529,0.28264073004081847,0.31557682272862114,2.3193944513332916,-2.9889593792911953,10.604129416179749,0.20570878180039137,0.013369924168297454,0.9977130881594806,0.9896869349720498,0.9879074627071467,1,49,632
2.310888727870511,0.30191494111675,0.2803020815295066,2.8086416573178776,-3.233072717054028,13.36129207663664,0.3164826932485321,0.01593841731898238,0.9976313954672507,0.9910825632640463,0.9836844383236701,1,49,633
2.022851774302315,0.645325762493386,-0.09884339022201485,2.928588845345865,-0.641564271565837,-0.6704742120427016,0.21879586594911943,0.013400501467710373,0.9976348746264753,0.9943625548621028,0.9834177307672992,1,49,634
1.6771266924897006,0.5455937277085104,0.0005246627179786349,3.006835631517456,-0.3672088958332229,0.045201242813930786,0.24576504403131114,0.025791952054794516,0.9931100855124573,0.9831421685481857,0.9908685624035386,1,49,635
1.7430112102856077,0.43175241452670965,0.3795522230082433,2.852996084382779,-0.6221196035942381,-0.2965306689760543,0.46587573385518577,0.03624938845401173,0.991490040122769,0.9773126130905991,0.9896136908849503,1,49,636
1.991416203757959,0.314238366862598,-0.13019407440104078,2.8792718791621303,-2.335496583354773,8.343723133092983,0.4685130259295498,0.0351868272994129,0.9923576537023717,0.9744676655005565,0.991845423718695,1,49,637
2.0468172458805345,0.3709168323501906,0.8923253622109628,3.365206645322448,0.04878593494231241,0.1570748934420818,0.6772795376712328,0.03760243395303326,0.9923292560937569,0.9760711633541546,0.9885921928455313,1,49,638
1.4230055450371073,0.6525404502513612,-0.3905548344199063,2.461712302602029,-0.7441059697196226,-0.5848639578187638,0.0676981409001957,0.006237769080234833,0.9988740263325416,0.9979360551706041,0.977325717503964,1,49,639
1.8400687501852606,0.5921495802874396,-0.28132245376672754,3.1417732627916646,0.13149396047974862,-0.3462040826325481,0.5289261252446182,0.03914658757338551,0.9911085966688208,0.9773490921811677,0.9868271844741219,1,49,64
1.3801181302814691,0.6050953685702423,-0.6113668630992035,2.3075316972579833,-1.2364263135983824,0.9564082815572554,0.09417043786692755,0.009731225538160467,0.9977262725382327,0.9954479744068143,0.9855108677925299,1,49,640
1.5599862566137872,0.3671809418803245,-0.053034221110564744,2.2367199801048936,-1.3227017666705294,2.140145463155564,0.12805008561643832,0.009241988747553814,0.9982908239139842,0.995558941094378,0.9792798528678637,1,49,641
1.6073071112272364,0.6138725683060707,0.2485077600600785,2.6506735236926318,-0.3471357574237702,-1.0464022774833701,0.16076015166340507,0.014883500489236789,0.9963691536480209,0.9905025402788954,0.9915312934922829,1,49,642
1.6589423476342782,0.6095933151403149,-0.6258783207628675,2.438407418141155,-1.6989383593502976,2.2837620886586683,0.24775256849315058,0.019982265166340503,0.9956155205755152,0.9859759816366176,0.9920080558526082,1,49,643
1.519311260866496,0.48436741656948934,-0.6978987419494374,2.284940448495789,-1.4033515962685386,2.00816289488757,0.47556109344422687,0.03303877201565557,0.9933400731879923,0.9780978464569062,0.9902071227171438,1,49,644
1.5734536833716697,0.490946518040625,-0.799186835832738,2.6527174231741952,-1.9422793328847394,4.528265320873449,0.4255748532289628,0.03225905088062622,0.9933462066296321,0.9780049702545567,0.9899978879538877,1,49,645
1.481212502941111,0.6923834409028339,-0.9161962619462133,4.289737325950333,-1.1829495619390424,2.1078797912716984,0.4092465753424656,0.03851975293542073,0.9908139989571432,0.973030082557398,0.9913940244181582,1,49,646
1.691047286174905,0.6158319832776769,-0.9105562258502686,3.085618400737964,-1.460857693771214,2.100939457072899,0.31112402152641866,0.025142184442270052,0.9947079449067293,0.9840229384842188,0.9895491515710696,1,49,647
1.8279685843194184,0.4795534670115152,0.03610533758285895,2.6970915463665097,-1.355281705912086,1.348333899322948,0.27438539628180036,0.024217221135029353,0.9942011608882224,0.9823189128765768,0.9913561382726919,1,49,648
1.5276791463907706,0.4011392647601145,-0.2194910779320232,2.6503513145163637,-1.5944040304354596,3.39089268920028,0.45372890166340507,0.0320679427592955,0.9927603606286742,0.9724521890283899,0.9883671258109571,1,49,649
1.8549262671893023,0.5663654522113654,-0.6152796757052817,3.2559888496164557,-0.43383127091369894,1.427301531350916,0.3875825587084148,0.03874143835616437,0.990637446684446,0.9779035375394526,0.9905789270954773,1,49,65
1.3552465867131245,0.3214801004686084,-0.43432155272461276,2.383755211639961,-1.0615276827643285,3.8095755025430895,0.3705051369863014,0.03352800880626222,0.9918296212441057,0.9644431568202887,0.9913090421092955,1,49,650
1.2850615772195435,0.3338278956900408,-0.6204865101900567,2.2050898502462513,-1.5589213642554363,6.334036620181838,0.3200984589041096,0.032832375244618385,0.9916778588205643,0.9631780491024532,0.992041827265214,1,49,651
1.3216225224463416,0.30800366303758897,-0.20370181388823544,2.1191479277504564,-0.555882746692239,1.8236083631039737,0.3154507093933464,0.029744068003913892,0.9928518790713533,0.9685400452079534,0.9905847519433357,1,49,652
1.3597771896374324,0.329625602503241,0.11031981188334881,2.0759674122512113,-1.0727881981367766,1.5090467111525951,0.21472908512720157,0.02388851516634051,0.9938795949163948,0.9735736718336011,0.9921888576010791,1,49,653
1.2420159963213675,0.39504520035131735,0.2923000306498187,1.9649049841904418,-0.5684059081960113,-0.6071187654137784,0.17653039383561644,0.01791065313111546,0.9955213220367587,0.9806130946764868,0.9909214140028699,1,49,654
1.1085163395134376,0.41765260145041416,-0.026564763538533855,1.850878332902579,-0.4596012625577366,-0.8310880261257774,0.18642979452054792,0.015219850782778863,0.9966272804175144,0.9891844751177042,0.988207065492806,1,49,655
1.2127451649435548,0.2717202742628733,-0.0434500914176785,1.7895960563931999,-1.5318932383698218,3.508379936372922,0.30282228473581213,0.019577115949119372,0.9962387586851247,0.9850300532713515,0.9870671474214279,1,49,656
0.9190102915405762,0.3163588844974554,-0.3396126030948567,1.7597385190988342,-0.8577271320895856,0.8787667453314274,0.2486469545009784,0.023399278375733846,0.9942610153656142,0.9765574463028195,0.9912050844450733,1,49,657
0.878519486856846,0.22479154111256652,0.013173553924028107,1.462055584680446,-0.9565093369009379,1.4079807302545069,0.22912334882583169,0.01873624021526419,0.9957703057145216,0.9819185224814453,0.9885048562530381,1,49,658
1.248541194955551,0.3257457536579357,-0.2221596478145526,2.0275314953435313,-1.4821173575141564,1.6607208542125234,0.19020609099804303,0.021931568003913895,0.9940552264378991,0.9723346748084496,0.9930264837866392,1,57,659
2.016952332416246,0.6056549101609184,0.08679058099222381,4.199264304493885,-0.5204474762338756,-0.04034589511552111,0.4284491193737768,0.028398666829745588,0.9935330342437463,0.985014418581095,0.985713291898496,1,49,66
1.2368151961165863,0.28945186906934667,-0.15343681304670456,2.0096207694508754,-1.5468827934943745,3.2356959008820745,0.27158757338551864,0.028719728473581212,0.992622941492523,0.9621949055144356,0.9930087393490633,1,57,660
1.213360758305632,0.2946046053450305,-0.30698571727890017,1.8804151171785723,-1.58030979627269,2.9817081213148375,0.32035072162426614,0.02888025929549902,0.9929400577928483,0.9622687833266738,0.9920031855213711,1,57,661
1.2613809864657928,0.3134532586374673,-0.6415821457806432,1.8593169982993554,-1.4358313131130318,2.4319979086243544,0.20488319471624264,0.02305528375733855,0.9940566855030429,0.9701257766330377,0.9932304844718435,1,57,662
1.3247665663858914,0.3549379766121771,0.07940134414996278,2.0356231205124717,-0.894568551529675,0.5185458293708121,0.21805436643835616,0.023368701076320934,0.9938647667273983,0.9771866540420936,0.9932507065403816,1,57,663
1.4974436977550163,0.43755015841970013,-0.1767047002552101,2.243449048838871,-1.05047171952538,0.7239457310795321,0.19730002446183953,0.018881482387475536,0.9954417891538347,0.9853258957114599,0.9919772273527051,1,57,664
1.4872231114388372,0.4542796807460219,-0.7363176657732403,2.353303362822787,-1.5972115247723746,4.252514690275274,0.2637444960861056,0.02477525684931506,0.9942513057219088,0.9821404617622136,0.9905508332156099,1,57,665
1.4679438213695752,0.3758257164690821,-0.6499091035275968,2.1992615190068214,-1.4717947880664173,3.9923125670814468,0.28688386741682964,0.021312377690802343,0.9957403320581334,0.9836539596614174,0.9896612130974685,1,57,666
1.4280633519671735,0.5341590207819102,-0.5220098616170183,2.321189916189042,-0.6466498781447129,-0.26889580342963537,0.2286188233855186,0.017566658512720157,0.9961563648551743,0.9888288759355915,0.9866119947496234,1,57,667
1.567997054156895,0.5273421035837713,-0.5538435151329265,2.437890940107982,-1.2236395131038371,1.2711850373484515,0.17635457436399216,0.017085066046966725,0.9960422403489679,0.9870567021481816,0.9917709267597413,1,57,668
1.6244848088660617,0.3903646235672499,-0.2609086638648542,2.4885401729628414,-1.1268393471081835,2.4692366712382405,0.21952972113502933,0.02079256360078278,0.9951627867628474,0.9832980565998016,0.9905790229162567,1,57,669
1.710872298243444,0.46802438978666155,0.23649097513618467,2.563560521709928,-0.9507980588447567,0.26083995587831277,0.08476027397260273,0.00980002446183953,0.9975548225331919,0.9909088602677304,0.987426967883939,1,49,67
1.574590337052143,0.3816806077309658,-0.2976300652962988,2.5586289438594507,-0.5346499467602902,1.944787239487514,0.32449394569471623,0.02514218444227006,0.9944902039750771,0.9821175605268748,0.9877216317473486,1,57,670
1.5407742920971055,0.4107638718526313,-0.5457320921134154,2.510467684800707,-1.2301075658200993,2.7233132250628804,0.2164490582191781,0.021556996086105677,0.9952221942955697,0.9832336643619332,0.9914451647314508,1,57,671
1.7125136385377628,0.40594592308560795,-0.12562533477980298,2.6227496881627497,-0.5840575860301584,0.9568426577736071,0.2358962206457925,0.016756360078277882,0.9967349650776323,0.9878138469145553,0.987120425510215,1,57,672
1.9586946499024525,0.7750839592715058,-0.753671775408276,3.1232772426372644,-1.7062801566903611,2.211446140721838,0.13071795499021527,0.008584576810176124,0.9985779838351873,0.9970302928527468,0.977577516821708,1,57,673
2.0474109010304447,0.5343075757112004,0.011603033551496562,3.0974441359714873,-1.2703064943816147,1.697616068904809,0.12013056506849315,0.009700648238747554,0.9979344119504246,0.9941181869469521,0.985248222000369,1,57,674
1.4067182189308365,0.5823749109168486,-0.22324849063405114,2.743821574917714,-0.5428951043423124,-0.7644616013426915,0.23771556996086105,0.02253546966731898,0.9950235303712412,0.9877358121293481,0.9891949234396983,1,57,675
1.4590378143393647,0.5032945525484667,-0.3395110950170168,2.4832693408794664,-0.9474728212699418,0.562625654446903,0.22780852495107629,0.028054672211350294,0.9928036269128168,0.9799070387966633,0.9927296113408841,1,57,676
1.580598116234567,0.3819880615453886,-0.31428418566170563,2.659563112445446,-1.1094035233335002,2.798539224171561,0.47056934931506844,0.03373440557729941,0.9933734093165574,0.9789808151589938,0.9899556702401527,1,57,677
1.435600839513589,0.49094203528755653,-0.6112880705436385,2.6564706905621147,-1.1518308294034267,1.1274034403761872,0.19335555283757336,0.022657778864970647,0.99446909126014,0.9803801837956986,0.9912326639804337,1,57,678
1.6991900774731008,0.49414418445081987,0.003057175992741699,2.7229183067176033,-1.1317288605458786,1.0913367444496407,0.1895563233855186,0.015433891878669276,0.9966720295938954,0.9891778602550052,0.9865352696680871,1,57,679
1.7212742622483612,0.3745741632411399,0.2500776854495631,2.3999785969481997,-0.8893667705421914,0.5212265383186394,0.3123318248532289,0.02316994863013698,0.9952292229854999,0.9853948275805461,0.9841518634964108,1,49,68
1.1507411837705113,0.4742216040996111,-0.5403071233589792,1.9635571444603124,-1.0748371172910758,0.6825702092190329,0.2576749021526418,0.027527213796477493,0.9921788246593903,0.9671527365567028,0.9943182619435645,1,57,680
1.153677165908686,0.3997776433918064,-0.7603304132399565,2.0315077069999505,-1.1015588514205865,2.036526790439476,0.4672287793542073,0.03419306506849314,0.991539467836531,0.9614807725521318,0.9922477119202071,1,57,681
1.1197310347284004,0.38545203543626666,-0.8949167263985264,2.0561336163481534,-1.0843230518620857,1.8418212011282211,0.4061047578277885,0.03471287915851271,0.9909228838710403,0.9580207288337813,0.9923049659932398,1,57,682
1.0690435165182743,0.3703646172810393,-0.9850025836319473,1.9255681484430105,-1.1453432278326656,3.0352511080011935,0.36377813111545987,0.03123471135029354,0.9922988708318885,0.9584617131802109,0.9920096244092157,1,57,683
1.046724324754649,0.31326702176915994,-0.8486530727431557,1.8759558726767367,-0.9612903737547053,2.4240446071912274,0.21907870596868886,0.025761374755381605,0.9929421391401506,0.9613018269109943,0.9938082662735873,1,57,684
1.0176900202341324,0.30263769245245414,-0.17716648456118106,1.7108765550075105,-0.6686183908455239,0.36422460294149905,0.15257307974559686,0.01710035469667319,0.9955015589554705,0.9745754784916145,0.9921705668883368,1,57,685
1.190667165976449,0.25373623479971186,-0.6266928071003391,1.7031901678058625,-1.7323940768467132,6.101221867735919,0.1805130870841487,0.012842465753424657,0.9976884589977302,0.9900962785609957,0.9854688680809026,1,57,686
1.43468627811507,0.24252932482557604,0.12185197892408184,2.1223467389155,-1.6399827881069275,4.218285693476693,0.17030026908023477,0.011863992172211348,0.997827589155839,0.9914262101570149,0.986435241559729,1,57,687
1.4412883000433574,0.2791217043346869,-0.9312026254883244,2.1872908508342253,-2.4790447522132597,13.585213586708146,0.18471746575342463,0.013438723091976516,0.9973896738872976,0.9911843748138265,0.9810983595498916,1,57,688
1.3845432163611822,0.3178152266660312,-0.6332721158074253,2.0962791322511096,-1.9517700651675134,6.9872883300597355,0.22439151174168293,0.018147627201565552,0.996139477969085,0.988482971265282,0.9831654598843841,1,57,689
1.854109202344333,0.3969081527403671,0.3368347592503001,3.359052450842837,-0.38103820801806043,1.9641044999865613,0.19831671966731895,0.015739664872798435,0.9964843397825686,0.9896894021010163,0.9848331725269763,1,49,69
1.377491169365851,0.3420487327788377,-0.9328991713129281,2.4158883556973767,-2.2680588625327065,9.360574936786316,0.2595095401174168,0.018782106164383555,0.9959087100637342,0.9881271250649678,0.9819706443895354,1,57,690
1.5553005089446739,0.261735176805078,0.1341372313406864,2.6131107947111274,0.024334631148060084,2.197338124612358,0.2787426614481408,0.015678510273972598,0.9972077249899286,0.9902441611536081,0.9790911354455342,1,57,691
1.6266025632299344,0.2750139121674277,0.3980968539058501,2.466690391301529,-0.7449033075119099,2.2908843668899674,0.1959546232876712,0.012636068982387472,0.997718699848401,0.9928039919768108,0.9810625219994129,1,57,692
1.7804522784577983,0.49199665769517553,0.4006233965014933,2.51483067140029,-0.9628526071157806,-0.02015018241564004,0.1784720523483366,0.010495658023483368,0.9983228390633965,0.9948672650060353,0.9789893177671447,1,57,693
1.7102815424608235,0.6433841603947884,-0.8374834103127724,2.6573699629658645,-1.4986453120516436,1.5602267688938198,0.19040484344422695,0.019676492172211346,0.995361312438899,0.9865183709742096,0.9919500710325155,1,57,694
1.7959902616602192,0.48678414897520145,0.35435411685428314,2.810523358345452,-0.6295473959746438,-0.5551121873368463,0.2268071183953032,0.01465417074363992,0.9971733160830603,0.9922036105316357,0.9819398727318683,1,57,695
1.47209429275513,0.3533549627509255,0.2407832299844293,2.28068705253237,-0.48744533433838194,0.5702243878583384,0.09040943003913893,0.005878485812133072,0.9991192971578609,0.9982303682746719,0.9458979809523733,1,57,696
1.0016803098219218,0.3738494802564023,-0.375118780909628,2.6993764171176293,0.5378808337080364,1.4009141476422524,0.23273911448140902,0.027343749999999997,0.9923539321714693,0.9733857612466711,0.9897633032098055,1,57,697
1.0285629357477706,0.4304587114989799,-0.5388514578183736,3.737038811792171,1.1764543246523622,4.315367417697462,0.2790866560665362,0.03517918297455968,0.9903392322936806,0.9655266997185025,0.9902992053970915,1,57,698
1.062086578385603,0.42966732113908335,-0.7321509456677625,3.197202242377451,0.255246363227689,2.1158019926165643,0.2723290728962817,0.03512567270058708,0.9896039416058146,0.9668569012744719,0.9910636924497487,1,57,699
1.7433072665660714,0.6105722052111522,-0.7122878523131444,3.568038164282213,-1.7216068306775736,3.3263945562964885,0.2521327666340509,0.019936399217221134,0.9959003247045949,0.9907473644968782,0.9813443668879425,1,49,7
1.5874728025677454,0.4526725553327894,0.35243802946681213,2.3769653549146113,-0.5609661323262756,-0.4644086270737833,0.11006298923679059,0.008806262230919763,0.9981196275499407,0.9944925585000706,0.9821056067889371,1,49,70
1.1662067834513778,0.3109134498838046,-0.2430445957033146,2.4702103006260017,-0.02345921113417127,1.777020409695914,0.29154690557729934,0.026082436399217215,0.9935170165416298,0.9772155120462832,0.9877959731986699,1,57,700
1.0878851918790682,0.3880080110180386,-0.4435907970418317,2.7497728287876844,-0.7818635358087557,1.1965474257226472,0.18098703522504891,0.022550758317025438,0.9936692305253978,0.9812049366979024,0.990581754876553,1,57,701
1.1110593718605344,0.44604266366401435,-0.22493326486317985,2.2506203345100566,-0.8395390101864246,0.04577545806111605,0.19427287181996086,0.018132338551859094,0.9955088857331119,0.9872626098290981,0.9870402755225219,1,57,702
1.5995506475271828,0.7256231895372227,-0.23400312925892,2.942555805014003,-0.35035723660696794,-1.0016369478357152,0.25152886497064575,0.026739848336594905,0.9926104780117299,0.9813227543270562,0.9937575346656697,1,57,703
1.8822496676590625,0.4102216600605451,-0.26535701771395104,2.567871208102967,-2.3281386717996484,5.905457699322627,0.48298373287671215,0.03597419275929549,0.991646407225272,0.9738458507145547,0.9923525032032404,1,57,704
1.871051154496349,0.32353363663115764,-0.1067514849333401,2.701752777747866,-2.418885788561242,10.138288885199051,0.7230766878669275,0.04205907534246575,0.9913674720019022,0.9713118418805048,0.9897512370373723,1,57,705
1.80978902580063,0.45100617164613016,-0.13661787380456739,3.0029625928542245,-1.548235629654328,3.1271211214643326,0.48182179549902143,0.04214316291585127,0.9899448161435616,0.9711726683012272,0.9926669512525793,1,57,706
1.929750388640771,0.499662713480237,-0.6307325626812802,3.1299899008833996,-1.497924057614095,3.4564821631210743,0.6058662548923679,0.050750672700587085,0.9874301469229892,0.965645929572918,0.9924371528588574,1,57,707
1.9766095462033206,0.4916104777926479,-0.06606759177822899,3.2660278961988407,-1.030241508886599,1.0491095867560603,0.5944379892367906,0.05158390410958904,0.9864146445501699,0.9622838483986264,0.9930368761033195,1,57,708
0.9676240809477368,0.6039451907313829,-1.116127250610064,2.95482926741196,-0.7221246402957583,2.961037720017873,0.21440802348336593,0.013278192270058707,0.9976935746625425,0.9946798490556406,0.9656675752813308,3,49,709
1.4608841351799682,0.3568312113256825,0.37009531177321126,2.511159641683461,0.29567363235354727,0.27088454071435786,0.15891022504892366,0.009884112035225047,0.9983260025806401,0.9968200240996701,0.9647760592642353,1,49,71
0.8609039221566183,0.7584338417498684,-1.1880831829551404,4.915500673997577,0.4575078473677215,4.027157643510309,0.26295713062622295,0.019584760273972594,0.9956745494338158,0.990957244461492,0.9707270248795906,3,49,710
0.9069526507852564,0.9747859897374019,-0.9083106856788433,4.121767733696635,0.3598133977875286,0.2608765720470112,0.21998838062622303,0.02376620596868884,0.9946859789190824,0.9903035020038145,0.9822223397253507,3,49,711
0.8469866663878284,0.2995519051347339,-0.7040267952203952,2.1259046218575843,-0.42550875096223684,4.388573079997285,0.17471868884540112,0.014325464774951077,0.9966735013569908,0.9895985240319581,0.9817746643860374,3,49,712
0.9911278662446128,0.36284610535565914,-0.31163342770707664,2.202977171052768,0.1044386563202985,0.589496338466688,0.23903039383561644,0.016328277886497062,0.99662126432784,0.9885582256229263,0.9791928119007876,3,49,713
1.1441855789341926,0.2101223340690412,-0.41010044766349374,2.31010818930867,0.3221362964388842,6.4886608166112545,0.2569257583170254,0.01654231898238747,0.9968006102671816,0.9894538803497245,0.9774157547860017,3,49,714
0.8087066094665611,0.43368934057547714,0.09655173741355177,2.972997093978577,2.2732668503669333,6.220506021437901,0.26244496086105673,0.03302348336594912,0.9910213285418464,0.9617877375878159,0.9862036950411129,2,49,715
0.8621257116918013,0.5816120339149891,0.11355945712695252,3.4134876149711717,1.9972189805904241,3.759773297293079,0.5012842465753424,0.04789933953033268,0.9890680200071211,0.9573844803003098,0.9802944679799592,2,49,716
0.8170156346775698,0.32519233219033733,0.21365345118134826,2.6502872152494503,2.3344489419068037,8.725946308293459,0.5030347969667318,0.04517795988258316,0.9902516556254328,0.9503081726408262,0.9803751616230695,2,49,717
1.224321994545232,0.5155246811371814,0.3740442403060527,3.2502806858809845,0.53096045760553,-0.13154277128413572,0.33846012720156554,0.03384907045009785,0.9922902810070723,0.977893856614773,0.982954326293675,2,49,718
1.670409000184818,0.6636510171031085,0.10928255447233948,3.897783847789536,0.39534707308562744,-0.2968363411758541,0.542036142367906,0.06170499021526418,0.9853120553691731,0.9755587677952292,0.9836753183457657,2,49,719
1.4605353999343351,0.5668876827367069,-0.16987378408322037,3.1254408467152635,0.7023424878690214,0.2382369445881709,0.12448018590998042,0.010059931506849314,0.9981131534087591,0.9967894182230368,0.9720479033231457,1,49,72
1.5277852277781752,0.8706292166373326,-0.27908441946668044,4.147671005650075,0.028570385852337427,-0.4899357576728107,0.5001528864970646,0.05799749266144813,0.9861416830574037,0.9749167959930003,0.981665991346258,2,49,720
1.048080681853637,0.6457242435964233,-0.6273780780093386,3.196213234218028,0.2615618043184668,-0.5394777508754127,0.5761221868884541,0.06363900440313111,0.984982597505337,0.9629611599050181,0.9766664284626344,2,49,721
1.3012655806803874,0.44505289983674917,0.3482846064286472,2.330063526613041,0.09714796467633319,-0.8233938228765543,0.13206335616438353,0.012513759784735812,0.9972885727292357,0.9943930500406596,0.9755964213356287,2,49,722
0.49553234832378246,0.7056903602753064,-0.17239427079274222,2.859597176001928,1.1027101361722786,0.05388647745897446,0.23010946673189817,0.01880503913894324,0.9966752367346028,0.9921932819925364,0.9335147848500873,2,49,723
0.668618839917422,0.3633093482037899,0.11601064864447813,1.5039552134310945,0.3162331361920156,-1.139402368333511,0.1163160469667319,0.00936429794520548,0.9982094457962296,0.9936138424703234,0.9584761430462795,2,49,724
1.3195785915318055,0.551550959636139,-0.22519828740735043,3.2476721429051687,0.4053177632106047,-0.22529317716083197,0.19241530088062614,0.0209836717221135,0.9943410401364323,0.9848583142284921,0.9846493788934909,2,49,725
1.3824154512233247,0.5523682626212923,-0.07411117434513186,3.1548959533831606,0.2902251247896072,-0.4489777304003648,0.17740949119373772,0.027068554305283755,0.9919329693835741,0.9802341916640799,0.9893733386017781,2,49,726
1.3664120753615288,0.37713398713335594,0.4412649555801304,2.4908788919104854,0.21088120042013955,-0.3955733621552282,0.16425360812133072,0.016978045499021526,0.9957133651355596,0.9838438682153647,0.9869326639051038,2,49,727
1.1387401166960136,0.2999394246983365,-0.34034010264015274,2.2876159059027383,0.09543587091551918,2.75324787538925,0.23594208659491192,0.02654874021526419,0.9933872413568986,0.9632743999612567,0.9865341890007496,2,49,728
1.4102136824983544,0.690926610475403,0.13552899552666922,3.325831737168652,0.1899812824661871,-0.623677250996828,0.24636130136986295,0.023605675146771032,0.9947810562599807,0.9894779940530942,0.9764598179920214,2,49,729
1.58139699121594,0.34448363753782374,0.4021927293192323,2.9415047619704704,-0.41388004693437114,0.027107662001479405,0.29922945205479445,0.03160928326810176,0.991750454246505,0.9708394295262751,0.9903653062282812,1,49,73
1.3975911873536182,0.9110791030188987,-0.20846397407559036,4.237714265115035,0.09187056359560357,-0.8375298198953138,0.5513316413894325,0.05062836350293542,0.9893688327651721,0.980282608432874,0.9703838648180673,2,49,730
1.3879652096856094,0.980050158596407,-0.20482899190557136,4.188247729977221,0.28328012850189055,-0.9155352776593837,0.5176431017612524,0.0531586350293542,0.987496702062373,0.9750588606529227,0.9778954026578467,2,49,731
1.4332328464843322,0.8625080989275735,-0.15404832325653342,4.073360710949034,0.4055876502474207,-0.5770034577246519,0.540637230919765,0.05115582191780821,0.9882031312214521,0.9759833714252366,0.9789605663431281,2,49,732
1.7163585481354282,0.7390117437517311,0.035144895006054756,3.717529580982078,-0.03792269869919427,-0.7090002669351603,0.33685481898238745,0.03162457191780822,0.9927836267076001,0.9855682863509933,0.9744181227535792,2,49,733
2.0139111811801524,0.5078568868010596,0.7615697021573984,3.231190821142843,0.12263464805373267,-0.8247423954999338,0.38005289872798437,0.025684931506849314,0.99559040473899,0.9917749732970601,0.9706314250745983,2,49,734
1.1104224269730487,0.371362651466681,0.4958669934107873,2.134445100002022,0.6447548223711016,-0.8317796888011935,0.255045254403131,0.020249816536203516,0.9957520803237988,0.9869769551406167,0.9811696501859353,2,49,735
1.0064805677115152,0.5166432222493625,0.04458291068737248,2.7012299915394564,1.060699703443387,0.638070455063823,0.3514478351272015,0.036952666340508804,0.9912490001486917,0.9748474122352854,0.9822298405080829,2,49,736
0.9593512354500732,0.43290953780281594,0.20121740446949082,2.4394159164944904,1.0114888243688251,0.6733137309783368,0.4331350905088063,0.0410423801369863,0.9902596084159719,0.9718655524457992,0.9821487021622657,2,49,737
0.9259931439131622,0.3275379138860186,0.18495988206333674,2.529389866109255,1.187151920697555,2.180228625462468,0.4443646037181996,0.039039567025440314,0.9909214898035835,0.9707047005287274,0.9784129446548324,2,49,738
0.92279927478596,0.2167193083085648,0.3318940440676837,1.6886208027430365,0.3438433532522034,-0.11027119742359925,0.25501467710371817,0.022971196183953033,0.9946355584871317,0.9823130227815648,0.9785099239401643,2,49,739
1.5418052448038417,0.2903901402542418,0.06616606067145371,2.7142349012966633,-0.559394765493313,2.176743904310918,0.4982876712328767,0.04806751467710372,0.9875651319683222,0.9589907500087982,0.9892997464125798,1,49,74
0.5368069096683917,0.3108308883424394,-0.4865163562690716,1.9124346185641867,0.11377531502203295,0.17889335031621112,0.15843627690802348,0.03121942270058708,0.9895764757679765,0.9522495352487234,0.9818080008954201,2,49,740
0.5212576989316952,0.31578966526845054,-0.6983061172102357,3.5470355030800835,1.5198477281469052,7.914929199985103,0.4353366560665362,0.061896098336594915,0.981281698362842,0.9405870086002954,0.9842559041345847,2,49,741
0.6517594964055543,0.33516436809703887,-0.3331304416647439,2.841974383105318,1.4478097145737003,4.115946734893299,0.48754739481409004,0.07060298434442269,0.9780126059227178,0.928497576643575,0.9881546908421951,2,49,742
0.695050820503601,0.3300243211374079,-0.3947618013062661,3.670941224292351,1.0629625923781656,3.505584157571781,0.42958812377690786,0.06843199608610566,0.9779447910167315,0.9256152576515212,0.9880124811657196,2,49,743
0.7192079967064016,0.33902806579532074,-0.3236071785317607,2.997325984423621,1.2354897487025087,2.5322799351008296,0.3967939701565558,0.06357020547945205,0.9799089078256835,0.933827104053851,0.9861886401451719,2,49,744
0.6821682967555641,0.2583149964797858,-0.3335617691501646,2.120786792700803,0.49211616079459913,1.4264562802037686,0.21833720645792565,0.0386114848336595,0.9877599034668398,0.9447323947696515,0.982823434598515,2,49,745
0.7222365279901424,0.2035614835859426,0.12877538288325643,1.3309443006378554,-0.19937852805986708,-0.5176358908093563,0.20018193493150688,0.026755136986301366,0.9926565482106713,0.9606498353851,0.9804188553702222,2,49,746
0.9008832530939842,0.24588751662295288,-0.04006969279901636,2.540174462895347,2.3297381701108075,11.827394856151235,0.4557470034246575,0.038710861056751464,0.9907506117094378,0.9548324959492321,0.9865674864645742,2,49,747
0.8920195247163388,0.30365827957207514,-0.44520661554292973,2.968704063296905,1.9587038584486,9.405051731583171,0.4806139921722113,0.04739481409001957,0.9875036347746559,0.9447825588833697,0.9886087410758598,2,49,748
0.9532531694329756,0.5165970284960109,-0.19258146155215675,3.2427927116901976,2.018708137223484,4.095302174868731,0.4030852495107632,0.04277764187866927,0.989428911707826,0.9589722468915111,0.987297455323368,2,49,749
1.5018143595141842,0.3049329941641593,-0.17421771165453792,2.8898519266629137,-0.5762124088214267,2.523970160258802,0.4526969178082191,0.05206549657534246,0.9852368953294478,0.9556897409802416,0.9902998113908363,1,49,75
0.9905957091355159,0.7365790279873946,-0.5468026585051609,3.1171910402799474,1.1641151787803814,0.0826519451181511,0.4017551369863012,0.043809625733855176,0.9891192135344926,0.9595540963764071,0.9867706387444132,2,49,750
0.9072690943116679,0.6430624483132881,-0.15063130925536464,3.120756463976327,1.6060292545725754,1.6372130225000703,0.5837894447162427,0.050651296477495104,0.9894058333074198,0.9586943521988176,0.9834965707635085,2,49,751
0.7931252564701959,0.4322143251009178,0.14801355962017337,3.238177973133196,3.0082799415727526,11.086584227144487,0.6334469789628179,0.04647749510763209,0.9911604149822079,0.9594188415604392,0.9803718396265818,2,49,752
2.1799120398013394,0.680464877800554,0.579313677686257,3.6304162509369293,-0.03383732893684616,-0.6644976724469576,0.2848046110567514,0.02265013454011741,0.9950611003257115,0.9911404510529817,0.9849995815475007,2,49,753
1.4909292950399902,0.872643716441827,-0.3669968577484045,4.0010886297650865,0.48466778016121864,-0.08007695223394773,0.5203568370841487,0.04483396526418786,0.9901793531380706,0.9752110869660581,0.9855045397554836,2,49,754
1.6816133150149157,1.0916183179600694,-0.35860176082024314,3.968030643456368,-0.12804028849754848,-1.0338510417483193,0.360743334148728,0.03734252690802349,0.9921252837772389,0.985824017681551,0.9843690823617339,2,49,755
2.1045991514046056,0.8409576049402459,0.09856526604698337,3.858936902399585,-0.33211838913577685,-0.4363839769556086,0.45961503180039137,0.04047670009784736,0.9917769465021185,0.9870278357144506,0.9864259751961538,2,49,756
1.9748397736956556,0.7902356146986874,0.003688331406121809,4.2885486986120815,0.09996093052934889,-0.30879106873769757,0.3467159980430528,0.038259845890410954,0.9918099436219215,0.9873909297326638,0.98766939452593,2,49,757
1.2234071768645938,0.8158566752221579,0.2816934541721699,3.891091161600688,0.9253835605805664,-0.292713719697947,0.25485414628180036,0.030317392367906065,0.9930167966712159,0.9820782911729041,0.9875523054631052,2,49,758
0.7637198591570387,0.36948154794759874,0.2650598101736083,2.3459971315336423,1.8425881607267667,3.2709174028148364,0.2512307363013699,0.021136558219178085,0.9959037009872228,0.9794839943752186,0.9752192427840323,2,49,759
1.5241821576558854,0.3381856103561877,-0.3418149130539571,2.8919843182208096,-0.37116618269256707,1.7947415729639804,0.4407488380626223,0.05219545009784736,0.985182885851547,0.9596308435101507,0.9908290205517857,1,49,76
1.7790550445211233,0.507837134187588,0.3578043575347327,2.9206186117326345,-0.24266034582569115,-0.5949905115944945,0.2113120719178082,0.014761191291585126,0.9971814177749048,0.9942630810857771,0.9738067136190045,2,49,760
0.8355097385077049,0.41810283449480945,0.10672348214289075,2.3224968028989696,0.28839733600402406,-0.20598670260482344,0.09368120107632093,0.008240582191780822,0.9982433064059432,0.994102910480151,0.9707537222782375,2,49,761
0.6539848679197696,0.7947525426065817,-0.2882504166868606,2.9219070402081293,0.7887789509784153,-0.7604148886911739,0.20054121819960857,0.01714622064579256,0.9967952676022093,0.9926553854366661,0.9559395689997378,2,49,762
0.7990753460013614,0.5588313898512978,-0.1348761941249673,2.1751378532678984,0.10401298963357333,-0.8872540521884131,0.15158696183953027,0.012360873287671229,0.9975289373081475,0.9937701910960858,0.9688412253131804,2,49,763
1.043959736819934,0.45414709510446033,-0.052152194965878564,2.570241005180346,0.6066061095259374,-0.3004898190519163,0.1672425391389433,0.01852984344422701,0.9951880922580247,0.9856918423358754,0.9876446849277842,2,49,764
1.3385403873892443,0.5605557875012017,-0.016376781291422157,2.8632767717596663,0.025215053416174093,-0.6148187212802316,0.21680834148727984,0.022489603718199608,0.9943861862495649,0.9875022295188053,0.9853910647302545,2,49,765
1.3366114067319907,0.5425382455458446,-0.6375807330181191,3.0020284243857263,0.038582880692586335,-0.24201396868266922,0.37119312622309186,0.03488869863013698,0.9920777399181674,0.9825342012873174,0.9818735112020447,2,49,766
1.6193421013191451,0.3145511683739336,0.4926120517603198,3.2408578119717517,0.9317329913620674,2.3852288663759262,0.7189640410958904,0.04632460861056751,0.989426683903909,0.9676676805890241,0.9836812343748085,1,49,77
1.66866595673653,0.3909149563720919,0.3383297847795074,2.929243387725573,-0.2920369798132327,0.5801624439413455,0.6240903253424656,0.044382950097847346,0.9897539080719455,0.9727429330735218,0.9862366051531346,1,49,78
2.214791725624191,0.320871045304804,1.1167917099743203,3.0048241814422605,-0.39987880920759394,-0.016196796019325443,0.44147504892367906,0.02196978962818004,0.9961330227518822,0.9907854884015954,0.9814697082202267,1,49,79
1.7938255647839807,0.7629271478611805,-0.6983500234943478,4.484971208733357,-1.3129381550140973,2.394264755849421,0.34572988013698625,0.022917685909980424,0.9958085922247434,0.9911559427402209,0.9764942880306474,1,49,8
1.2341374712552986,0.7382514284142252,-0.7223882745618487,2.877190659655353,-0.16636049852498225,-0.6829563497417026,0.4970798679060664,0.07904996330724068,0.9787658884896123,0.9552419489082895,0.987950408867546,1,49,80
1.4642378895428485,0.6337723637072292,-0.6672881343408391,2.894866730079014,-0.5048889668132407,0.24007486669492284,0.6760793786692758,0.08083873532289627,0.9795286374806499,0.9542917048234447,0.9872054721978898,1,49,81
1.4717146773369032,0.5768982404401086,-0.5172168208919855,2.83137737989467,-0.3494447877741554,0.11459494210215704,0.705028436888454,0.08518835616438357,0.9777960618715511,0.9478242472567652,0.988719962273116,1,49,82
1.4631069937385461,0.6363569002327749,-0.6960475188833276,2.973220627109598,-0.637671506284227,0.3400309540481592,0.7179244129158512,0.08129739481408998,0.9789156376252592,0.9478200489572686,0.988979420570801,1,49,83
1.5460533510137453,0.4647114804586452,-0.51335334419636,2.6296119690238964,-0.7941157873176296,1.2390725461151995,0.5814961472602738,0.06434992661448138,0.9830813847608857,0.9535920763141477,0.9894201983145803,1,49,84
1.713495665834052,0.4101088868354378,-0.4464162741752788,2.8777280678524937,-1.0271861376852363,3.0996803609100345,0.6507919520547945,0.05101822407045009,0.9878043022650053,0.965081843159923,0.9867276354344835,1,49,85
1.9544154201590322,0.40361637980309367,-0.15075461409018429,2.997100667658711,-1.4818039641214014,3.916440942625419,0.7064732142857143,0.04066780821917808,0.9916189483088216,0.9788180154123718,0.9843944602956937,1,49,86
1.6477369726580144,0.3965699787015793,0.38420836174386624,2.4677192119506004,-0.9728697565039708,0.3077447438915737,0.19726944716242661,0.021916279354207435,0.9942460970715664,0.9812344772520031,0.9927565109071712,1,49,87
1.5823236130004292,0.33143812148909024,0.08712846669271984,2.392541177100783,-1.1700149247894687,2.201533958282141,0.2618945694716242,0.03032503669275929,0.9916641472121983,0.975004671837513,0.9927312904328408,1,49,88
1.5811811396867888,0.28607791139504957,0.03548659804053688,2.162004425895109,-1.5341948892072814,3.61634876113913,0.2871131971624266,0.02622003424657534,0.9933878817746774,0.9741992277568244,0.9912696742769187,1,49,89
1.409345183608736,0.27490126656968117,0.4707188003297047,2.1928149837026862,-0.14311016372314575,0.5802638242420475,0.13428021037181995,0.015196917808219178,0.9963248449696034,0.9869330904938218,0.9842524739336157,1,49,9
1.6277378029472622,0.32455453172669035,0.25333725106875016,2.4052538766315426,-0.9401567392432199,0.5088812910371296,0.2856684197651662,0.023406922700587078,0.9947072662150678,0.9811289784616195,0.9889610222218699,1,49,90
2.5924208049547777,0.7586499945464299,0.22955799161318116,3.6993234317928296,-1.0817587180286468,0.050462801300191984,0.32395884295499006,0.01424902152641878,0.9982804430733326,0.9971257715632904,0.958833251327327,1,49,91
3.1234489943074113,0.9635414184890811,0.7340129641456524,4.937603152199899,-0.46463471373936194,-0.6117300828037671,0.15473642367906063,0.010335127201565555,0.9984396842441533,0.9978022653161527,0.9800691835900158,1,49,92
1.5242817176273609,0.4686333004891976,-0.5340556122854636,3.132740641998377,-0.7358574405484447,1.3201214582273382,0.1590707558708414,0.016848091976516627,0.9956996797298563,0.9900746387960873,0.9872317287662391,1,49,93
1.6810789397429575,0.7321468412969214,-0.4049546989562794,3.594724620437049,-0.3713959170097469,0.13093441983898435,0.15481286692759297,0.021105980919765167,0.994217623324137,0.9880334489716428,0.9899731375140258,1,49,94
2.0040206693378173,0.5983910163474248,0.21913547233712866,3.1378393245949505,-1.1322409618247111,0.5897371112467185,0.16841976516634047,0.010709699119373774,0.9979191441628841,0.9953524235950951,0.9793833269103911,1,49,95
1.9649979436675589,0.4240517441996503,0.16682791232089714,2.7310280012943493,-1.37499772930344,1.926552558595298,0.14560909980430528,0.011076626712328766,0.9977593059256326,0.9931976915995023,0.9845098148421902,1,49,96
1.9095993224086103,0.5681240558741455,-0.2795753690474894,3.432574698303253,-0.5245568470826014,1.4533934803277582,0.209737340998043,0.016496453033268094,0.9964622315630461,0.9905372758374786,0.985287410367777,1,49,97
1.6470397912707102,0.4115022775818026,0.2266177773603733,2.3713434560614766,-0.7489653946786854,0.05882182912061351,0.15529445939334635,0.012078033268101758,0.9974838748736417,0.9923449427460063,0.982878329169375,1,49,98
1.7730717236382134,0.5585954384689155,-0.19207964886462872,3.0320939500555273,-0.9232339696727134,0.3010982245161262,0.29597296966731895,0.026097725048923676,0.9950028781477771,0.9905062605311001,0.9824685583818652,1,49,99
